formula_supercon,tc_K,sc_class,spacegroup,point_group,mp_ordering,verdict,mp_id
Ag0.02Ge2Pd1.98Sr1,2.64,Other,I 4/m m m,4/mmm,NM,EXCLUDED,mp-978986
Ag0.15Sn0.85Te1,2.15,Other,F m -3 m,m-3m,NM,CANDIDATE,mp-1883
Ag0.1In0.9Te1,1.2,Other,F m -3 m,m-3m,NM,CANDIDATE,mp-2597
Ag0.2Ba1Si1.8,3.2,Other,P 43 3 2,432,NM,EXCLUDED,mp-7275
Ag0.438Hg0.562,0.64,Other,P 21 3,23,NM,EXCLUDED,mp-758523
Ag0.4Sn0.6Te1,1.95,Other,P 4/m m m,4/mmm,NM,EXCLUDED,mp-1229006
Ag0.55Hg0.45,0.0,Other,P 3 m 1,3m,NM,CANDIDATE,mp-770433
Ag0.5Ba1Si1.5,1.21,Other,F d d d,mmm,NM,EXCLUDED,mp-9867
Ag0.5Pd0.5Th2,1.2,Other,I 4 2 2,422,NM,EXCLUDED,mp-1217282
Ag0.625Al0.375,0.106,Other,C m c m,mmm,NM,EXCLUDED,mp-985805
Ag0.76Se2Sn1.24,6.72,Other,R -3 m,-3m,NM,CANDIDATE,mp-1229011
Ag0.7Hg0.3,0.0,Other,P m -3 m,m-3m,NM,CANDIDATE,mp-985443
Ag0.7Zn0.3,0.0125,Other,P m -3 m,m-3m,NM,CANDIDATE,mp-864794
Ag0.81In0.19,0.0074,Other,P m -3 m,m-3m,NM,CANDIDATE,mp-30343
Ag0.8Ga0.2,6.5,Other,P 63/m m c,6/mmm,NM,CANDIDATE,mp-1184036
Ag1B2,6.7,Other,P 6/m m m,6/mmm,NM,CANDIDATE,mp-12062
Ag1Be2,0.0,Other,F d -3 m,m-3m,NM,CANDIDATE,mp-603
Ag1Ce1Sb2,0.0,Heavy_fermion,P 4/n m m,4/mmm,FM,EXCLUDED,mp-510280
Ag1Cl2,0.0,Other,R -3 c,-3m,NM,CANDIDATE,mp-864635
Ag1In2,2.35,Other,I 4/m c m,4/mmm,NM,EXCLUDED,mp-19974
Ag1La1,1.073333333,Other,P m -3 m,m-3m,NM,CANDIDATE,mp-1948
Ag1La1Sb2,0.0,Other,P 4/n m m,4/mmm,NM,EXCLUDED,mp-20271
Ag1Mg1,0.0,Other,P m -3 m,m-3m,NM,CANDIDATE,mp-2696
Ag1Mo6S8,7.7,Chevrel,R -3,-3,NM,CANDIDATE,mp-35109
Ag1Te1,0.0,Other,P n m a,mmm,NM,EXCLUDED,mp-568761
Ag1Te3,2.6,Other,I m -3 m,m-3m,NM,CANDIDATE,mp-28246
Ag1Th2,2.225,Other,I 4/m c m,4/mmm,NM,EXCLUDED,mp-2233
Ag1Y1,0.0,Other,P m -3 m,m-3m,NM,CANDIDATE,mp-2474
Ag1Zn1,0.0,Other,P m -3 m,m-3m,NM,CANDIDATE,mp-1912
Ag1Zn3,0.0,Other,P 63/m m c,6/mmm,NM,CANDIDATE,mp-1187969
Ag2F1,0.066,Other,P -3 m 1,-3m,NM,CANDIDATE,mp-1391
Ag2O1,0.0,Oxide,P n -3 m,m-3m,NM,CANDIDATE,mp-353
Ag2S1,0.0,Other,P 1 21 1,2,NM,EXCLUDED,mp-31053
Ag2Se1,0.0,Other,P 21 21 21,222,NM,EXCLUDED,mp-568936
Ag2Te1,0.0,Other,P 1 21/c 1,2/m,NM,EXCLUDED,mp-1592
Ag3.3Al1,0.34,Other,C m m m,mmm,NM,EXCLUDED,mp-1228927
Ag3Sb1,0.0,Other,P m m n,mmm,NM,EXCLUDED,mp-16240
Ag3Sn1,0.0,Other,P m m n,mmm,NM,EXCLUDED,mp-611
Ag4Ge1,0.85,Other,P -6 m 2,-62m,NM,CANDIDATE,mp-1229108
Ag5Ba1,0.0,Other,P 6/m m m,6/mmm,NM,CANDIDATE,mp-1814
Ag5Cd8,0.0,Other,I -4 3 m,-43m,NM,CANDIDATE,mp-567857
Ag5Pb2O6,0.0502,Oxide,P -3 1 m,-3m,NM,CANDIDATE,mp-22286
Ag5Sr1,0.0,Other,P 6/m m m,6/mmm,NM,CANDIDATE,mp-2410
Ag5Zn8,0.0,Other,I -4 3 m,-43m,NM,CANDIDATE,mp-30361
Ag7N1O11,1.03625,Oxide,F m m 2,mm2,NM,EXCLUDED,mp-37695
Al0.01B0.99Li2Pt3,2.86,Other,P 43 3 2,432,NM,EXCLUDED,mp-20234
Al0.01B2Mg0.99,37.95,Other,P 6/m m m,6/mmm,NM,CANDIDATE,mp-763
Al0.02Nb3Sn0.98,17.9,Other,P m -3 n,m-3m,NM,CANDIDATE,mp-1326
Al0.02Si0.98V3,16.12,Other,P m -3 n,m-3m,FM,CANDIDATE,mp-2567
Al0.05B0.95Li2Pd3,7.75,Other,P 43 3 2,432,NM,EXCLUDED,mp-20657
Al0.15Ga0.85Nb3,17.1,Other,P m -3 n,m-3m,NM,CANDIDATE,mp-2670
Al0.15Ge0.85Nb3,7.4,Other,P 42/n,4/m,NM,EXCLUDED,mp-1198302
Al0.188V0.812,0.0,Other,P m -3 n,m-3m,FM,CANDIDATE,mp-1387
Al0.18La0.82,4.65,Other,P 63/m m c,6/mmm,NM,CANDIDATE,mp-1084828
Al0.1Ca1Ga0.9Si1,3.34,Other,P -6 m 2,-62m,NM,CANDIDATE,mp-1227042
Al0.1Ga0.9V3,13.9,Other,P m -3 n,m-3m,FM,CANDIDATE,mp-22568
Al0.215Nb0.785,17.97,Other,P m -3 n,m-3m,NM,CANDIDATE,mp-796
Al0.25Ti0.525V0.255,0.0,Other,F -4 3 m,-43m,FiM,CANDIDATE,mp-999068
Al0.28Mg0.18,1.63,Other,I 41/a m d,4/mmm,NM,EXCLUDED,mp-1210739
Al0.29B2Mg0.71,24.0,Other,P 6/m m m,6/mmm,NM,CANDIDATE,mp-1207086
Al0.2B2Mg0.8,28.71,Other,P 6/m m m,6/mmm,NM,CANDIDATE,mp-1222150
Al0.2B5Mo1.8,5.7,Other,R -3 m,-3m,NM,CANDIDATE,mp-7229
Al0.33Ga0.67Nb3,18.1,Other,P m -3,m-3,NM,CANDIDATE,mp-1220348
Al0.39Ge0.61Nb3,7.3,Other,P m -3,m-3,NM,CANDIDATE,mp-1220344
Al0.39Nb3Sn0.61,14.1,Other,P m -3,m-3,NM,CANDIDATE,mp-1220362
Al0.3Ba2Cu2La2Ti1.7O10.86,0.0,Cuprate,F -4 3 m,-43m,FM,CANDIDATE,mp-1227852
Al0.3Cr0.7,0.0,Other,I 4/m m m,4/mmm,FM,EXCLUDED,mp-1699
Al0.3Ga0.7V3,13.9,Other,P m -3,m-3,FM,CANDIDATE,mp-1228807
Al0.3Ga2.7Pd2U1,0.0,Heavy_fermion,P 6/m m m,6/mmm,FM,CANDIDATE,mp-20899
Al0.3In0.7La3,9.42,Other,P m -3 m,m-3m,NM,CANDIDATE,mp-20909
Al0.402V0.598,0.0,Other,F m m m,mmm,NM,EXCLUDED,mp-1228006
Al0.5Ge0.5Th2,0.21,Other,I 4 2 2,422,NM,EXCLUDED,mp-1217290
Al0.61Mg0.39,0.85,Other,P -3 m 1,-3m,NM,CANDIDATE,mp-1222013
Al0.85B2Mg0.15,0.0,Other,P 6/m m m,6/mmm,NM,CANDIDATE,mp-944
Al0.8Ca1Ga0.2Si1,5.6,Other,P -6 m 2,-62m,NM,CANDIDATE,mp-3173
Al0.95Ba1Si1.05,2.8,Other,P -6 m 2,-62m,NM,CANDIDATE,mp-13149
Al0.998Mn0.002,0.262,Other,I m -3,m-3,NM,CANDIDATE,mp-1104165
Al1,1.254033333,Other,P 63/m m c,6/mmm,NM,CANDIDATE,mp-1183144
Al1.825La1Si0.175,0.0,Other,F d -3 m,m-3m,NM,CANDIDATE,mp-2694
Al11La3,0.0,Other,I m m m,mmm,NM,EXCLUDED,mp-16505
Al12Mo1,0.0,Other,I m -3,m-3,NM,CANDIDATE,mp-550
Al12Re1,0.0,Other,I m -3,m-3,NM,CANDIDATE,mp-1648
Al13Os4,5.4,Other,C 1 2/m 1,2/m,NM,EXCLUDED,mp-567929
Al13Ru4,0.0,Other,C 1 2/m 1,2/m,NM,EXCLUDED,mp-17880
Al1Au2Sc1,4.4,Other,F m -3 m,m-3m,NM,CANDIDATE,mp-10873
Al1Au4,0.55,Other,P 21 3,23,NM,EXCLUDED,mp-1490
Al1B4Yb1,0.08,Heavy_fermion,P b a m,mmm,NM,EXCLUDED,mp-1191244
Al1Ba1Ge1,6.3,Other,P -6 m 2,-62m,NM,CANDIDATE,mp-13272
Al1Ba1Sn1,2.9,Other,P -6 m 2,-62m,NM,CANDIDATE,mp-1227950
Al1C1Cr2,0.0,Other,P 63/m m c,6/mmm,NM,CANDIDATE,mp-9956
Al1C1La3,0.0,Other,P m -3 m,m-3m,NM,CANDIDATE,mp-10600
Al1C1Ni3,0.0,Other,P m -3 m,m-3m,NM,CANDIDATE,mp-1207084
Al1C1Ti3,0.0,Other,P m -3 m,m-3m,NM,CANDIDATE,mp-3271
Al1C1V2,0.0,Other,P 63/m m c,6/mmm,NM,CANDIDATE,mp-1025497
Al1C1Y3,0.0,Other,P m -3 m,m-3m,NM,CANDIDATE,mp-4448
Al1Ca1Si1,6.183529412,Other,P 63/m m c,6/mmm,NM,CANDIDATE,mp-570150
Al1Ce1Rh1,0.0,Heavy_fermion,P n m a,mmm,FM,EXCLUDED,mp-3344
Al1Cu1,3.45,Other,C 1 2/m 1,2/m,NM,EXCLUDED,mp-2500
Al1Cu1Zr1,0.0,Other,I m m a,mmm,FM,EXCLUDED,mp-1215318
Al1Cu2Zr1,0.0,Other,F m -3 m,m-3m,NM,CANDIDATE,mp-3736
Al1Gd1Rh1,0.0,Other,P n m a,mmm,FM,EXCLUDED,mp-1212705
Al1Ge1,5.5,Other,R -3 c,-3m,NM,CANDIDATE,mp-1190320
Al1Ge1Na1,0.0,Other,P 4/n m m,4/mmm,NM,EXCLUDED,mp-7400
Al1Ge1Sr1,6.7,Other,P -6 m 2,-62m,NM,CANDIDATE,mp-13311
Al1Ge3Y2,4.5,Other,P n m a,mmm,NM,EXCLUDED,mp-28997
Al1Hf0.75Pd2Y0.25,3.2,Other,F m -3 m,m-3m,NM,CANDIDATE,mp-16501
Al1Hf1Ni2,0.37,Other,F m -3 m,m-3m,NM,CANDIDATE,mp-5748
Al1La1,0.0,Other,C m c m,mmm,NM,EXCLUDED,mp-12684
Al1La1Rh1,2.4,Other,P n m a,mmm,NM,EXCLUDED,mp-1211543
Al1Lu2,0.0,Other,P 42/m n m,4/mmm,NM,EXCLUDED,mp-16508
Al1Lu3,0.0,Other,P 63/m m c,6/mmm,NM,CANDIDATE,mp-973266
Al1Mg1Si1,6.0,Other,P n m a,mmm,NM,EXCLUDED,mp-4499
Al1Mg4Si3,5.2,Other,P 4/n c c,4/mmm,NM,EXCLUDED,mp-1198317
Al1Mo1.5Nb1.5,4.9,Other,R 3 2,32,NM,EXCLUDED,mp-1220636
Al1Mo3,0.58,Other,P m -3 n,m-3m,NM,CANDIDATE,mp-259
Al1N1,1.55,Other,P 63 m c,6mm,NM,CANDIDATE,mp-661
Al1Na1Si1,7.2,Other,P 4/n m m,4/mmm,NM,EXCLUDED,mp-27335
Al1Nb0.1Pd2Zr0.9,2.1,Other,F m -3 m,m-3m,NM,CANDIDATE,mp-541047
Al1Nb1Ni2,1.075,Other,F m -3 m,m-3m,NM,CANDIDATE,mp-4813
Al1Nd1Rh1,0.0,Other,P n m a,mmm,NM,EXCLUDED,mp-1209843
Al1Ni2Ta1,0.0,Other,F m -3 m,m-3m,NM,CANDIDATE,mp-5921
Al1Ni2Ti1,0.0,Other,F m -3 m,m-3m,NM,CANDIDATE,mp-7187
Al1Ni2V1,0.0,Other,F m -3 m,m-3m,NM,CANDIDATE,mp-10899
Al1Ni2Zr1,0.69,Other,F m -3 m,m-3m,NM,CANDIDATE,mp-3944
Al1Os1,0.39,Other,P m -3 m,m-3m,NM,CANDIDATE,mp-875
Al1Pd2Y1,0.0,Other,P 63/m m c,6/mmm,NM,CANDIDATE,mp-1078242
Al1Pr1Rh1,0.0,Heavy_fermion,P n m a,mmm,NM,EXCLUDED,mp-1209554
Al1Pt1,0.0,Other,P 21 3,23,NM,EXCLUDED,mp-10904
Al1Re1,0.0,Other,P 4/n m m,4/mmm,NM,EXCLUDED,mp-1228815
Al1Sb1,2.8,Other,F -4 3 m,-43m,NM,CANDIDATE,mp-2624
Al1Sc3,0.0,Other,P 63/m m c,6/mmm,FM,CANDIDATE,mp-862259
Al1Si1Sr1,4.75,Other,P -6 m 2,-62m,NM,CANDIDATE,mp-3698
Al1Th2,0.045,Other,I 4/m c m,4/mmm,NM,EXCLUDED,mp-1651
Al1Y1,0.0,Other,C m c m,mmm,NM,EXCLUDED,mp-11228
Al1Y2,0.0,Other,P n m a,mmm,NM,EXCLUDED,mp-11230
Al1Y3,0.0,Other,P m -3 m,m-3m,NM,CANDIDATE,mp-30338
Al2.06Cu1,0.65,Other,P -3 m 1,-3m,NM,CANDIDATE,mp-10886
Al2.7Ga0.3Pd2U1,0.52,Heavy_fermion,P 6/m m m,6/mmm,FM,CANDIDATE,mp-4561
Al2.98Ni2U1,1.155,Heavy_fermion,P 6/m m m,6/mmm,NM,CANDIDATE,mp-2903
Al20.3V2,1.49,Other,F d -3 m,m-3m,FM,CANDIDATE,mp-16722
Al20La1V2,0.0,Other,F d -3 m,m-3m,NM,CANDIDATE,mp-1195666
Al20Pr1Ti2,0.19,Heavy_fermion,F d -3 m,m-3m,NM,CANDIDATE,mp-1204502
Al20Pr1V2,0.029666667,Heavy_fermion,F d -3 m,m-3m,NM,CANDIDATE,mp-1204963
Al28Ca24O66,0.195,Oxide,P 1,1,NM,EXCLUDED,mp-532016
Al2Au1,0.0475,Other,F m -3 m,m-3m,NM,CANDIDATE,mp-2647
Al2C1Mo3,9.61,Other,P 41 3 2,432,NM,EXCLUDED,mp-18093
Al2C1Nb3,0.0,Other,P 41 3 2,432,NM,EXCLUDED,mp-1190604
Al2C1Ta3,0.0,Other,P 41 3 2,432,NM,EXCLUDED,mp-1190760
Al2Ca1,0.0,Other,F d -3 m,m-3m,NM,CANDIDATE,mp-2404
Al2Ca1Si2,0.0,Other,P -3 m 1,-3m,NM,CANDIDATE,mp-7704
Al2Ce1,0.0,Heavy_fermion,F d -3 m,m-3m,FM,CANDIDATE,mp-2088
Al2Ce1Pd5,0.735,Heavy_fermion,I 4/m m m,4/mmm,FM,EXCLUDED,mp-1025445
Al2Cu1,1.02,Other,F m -3 m,m-3m,NM,CANDIDATE,mp-985806
Al2Lu1,0.0,Other,F d -3 m,m-3m,NM,CANDIDATE,mp-1234
Al2Lu1Pd5,0.0,Other,I 4/m m m,4/mmm,NM,EXCLUDED,mp-1025564
Al2Mg2,0.84,Other,P 4/m m m,4/mmm,NM,EXCLUDED,mp-1039141
Al2Mg3,0.0,Other,I -4 3 m,-43m,NM,CANDIDATE,mp-2151
Al2N1Nb3,0.65,Other,P 41 3 2,432,NM,EXCLUDED,mp-1191953
Al2Np1Pd5,4.95,Heavy_fermion,I 4/m m m,4/mmm,FM,EXCLUDED,mp-569227
Al2Os1,0.0,Other,I 4/m m m,4/mmm,NM,EXCLUDED,mp-7188
Al2Pd5Pu1,0.0,Heavy_fermion,I 4/m m m,4/mmm,FM,EXCLUDED,mp-1091385
Al2Pt1,0.343333333,Other,F m -3 m,m-3m,NM,CANDIDATE,mp-1502
Al2Sc1,0.0,Other,F d -3 m,m-3m,NM,CANDIDATE,mp-813
Al2Si2U1,1.34,Heavy_fermion,P m m m,mmm,NM,EXCLUDED,mp-1216639
Al2Th1,0.0,Other,P 6/m m m,6/mmm,NM,CANDIDATE,mp-669
Al2U1,0.0,Heavy_fermion,P 63/m m c,6/mmm,FM,CANDIDATE,mp-569744
Al2Y1,0.0,Other,F d -3 m,m-3m,NM,CANDIDATE,mp-2322
Al2Y3,0.0,Other,P 42/m n m,4/mmm,NM,EXCLUDED,mp-16723
Al2Yb1,0.0,Heavy_fermion,F d -3 m,m-3m,NM,CANDIDATE,mp-969
Al3La1Pd2,0.85,Other,P 6/m m m,6/mmm,NM,CANDIDATE,mp-30815
Al3Nb1,0.0,Other,I 4/m m m,4/mmm,NM,EXCLUDED,mp-1842
Al3Nd1Pd2,0.0,Other,P 6/m m m,6/mmm,NM,CANDIDATE,mp-12734
Al3Pd4Si1,0.0,Other,R 3,3,NM,EXCLUDED,mp-1228909
Al3Ta1,0.0,Other,I 4/m m m,4/mmm,NM,EXCLUDED,mp-869
Al3Th1,0.75,Other,P 63/m m c,6/mmm,NM,CANDIDATE,mp-1306
Al3Ti1,0.0,Other,I 4/m m m,4/mmm,NM,EXCLUDED,mp-542915
Al3Tl1,0.75,Other,P m -3 m,m-3m,NM,CANDIDATE,mp-983584
Al3U1,0.0,Heavy_fermion,P m -3 m,m-3m,FM,CANDIDATE,mp-1723
Al3V1,0.0,Other,I 4/m m m,4/mmm,NM,EXCLUDED,mp-2554
Al3Yb1,0.94,Heavy_fermion,P m -3 m,m-3m,NM,CANDIDATE,mp-1259
Al43Nb4Y6,0.86,Other,P 63/m c m,6/mmm,NM,CANDIDATE,mp-1207860
Al43Ta4Y6,0.68,Other,P 63/m c m,6/mmm,NM,CANDIDATE,mp-1207857
Al4C3,0.0,Other,R -3 m,-3m,NM,CANDIDATE,mp-1591
Al4Ca1,0.0,Other,I 4/m m m,4/mmm,NM,EXCLUDED,mp-1749
Al4Cu9,0.0,Other,P -4 3 m,-43m,NM,CANDIDATE,mp-593
Al4La1,0.0,Other,P 63/m m c,6/mmm,NM,CANDIDATE,mp-959
Al4Np1,0.0,Heavy_fermion,I m m a,mmm,FM,EXCLUDED,mp-16520
Al4U1,0.0,Heavy_fermion,I m m a,mmm,FM,EXCLUDED,mp-574122
Al5Mo1,0.0,Other,P 63 2 2,622,NM,EXCLUDED,mp-568607
Al5Re24,3.35,Other,I -4 3 m,-43m,NM,CANDIDATE,mp-1192984
Al5Y2,0.0,Other,P 63/m m c,6/mmm,NM,CANDIDATE,mp-865527
Al6Re1,1.85,Other,C m c m,mmm,NM,EXCLUDED,mp-16528
As0.15Fe1La1P0.85O1,11.67,Ferrite,P 4/n m m,4/mmm,FM,EXCLUDED,mp-510668
As0.25Se0.75Y1,0.78,Other,I 4/m m m,4/mmm,NM,EXCLUDED,mp-38494
As0.2Ba1Fe2P1.8,0.0,Ferrite,I 4/m m m,4/mmm,NM,EXCLUDED,mp-4883
As0.2Ba1Sb1.8Ti2O1,0.48,Oxide,P 4/m m m,4/mmm,NM,EXCLUDED,mp-1070806
As0.5In1Te0.5,0.44,Other,P -4 m 2,-42m,NM,EXCLUDED,mp-1224061
As0.7Ce1Fe1P0.3O1,4.0,Ferrite,P 4/n m m,4/mmm,FM,EXCLUDED,mp-1079570
As0.8Fe2P1.2Sr1,3.13,Ferrite,I 4 m m,4mm,NM,EXCLUDED,mp-1218282
As1,1.825,Other,R -3 m,-3m,NM,CANDIDATE,mp-11
As1.74Eu1Fe2P0.26,0.0,Ferrite,I 4/m m m,4/mmm,FM,EXCLUDED,mp-20890
As1.792Ba1Ni2P0.208,3.24,Ferrite,I 4/m m m,4/mmm,NM,EXCLUDED,mp-568280
As1.8Fe2P0.2Sr1,0.0,Ferrite,I 4/m m m,4/mmm,NM,EXCLUDED,mp-4488
As12Fe4La1,0.0,Ferrite,I m -3,m-3,NM,CANDIDATE,mp-22470
As12La1Os4,3.2,Other,I m -3,m-3,NM,CANDIDATE,mp-1105556
As12Pr1Ru4,2.3825,Heavy_fermion,I m -3,m-3,NM,CANDIDATE,mp-1179919
As1C1Nb2,2.0,Other,P 63/m m c,6/mmm,NM,CANDIDATE,mp-9989
As1Ca1Co0.15F1Fe0.85,20.8,Ferrite,P m m n,mmm,FM,EXCLUDED,mp-1079859
As1Ce1Co0.15Fe0.85O1,5.0,Ferrite,P 4 m m,4mm,FiM,EXCLUDED,mp-605060
As1Co0.005Fe0.995Na1,9.81,Ferrite,P 4/n m m,4/mmm,FM,EXCLUDED,mp-22152
As1Co0.025Fe0.975Li1,13.4,Ferrite,P 4/n m m,4/mmm,FM,EXCLUDED,mp-21471
As1Co0.025Fe0.975Pr1O1,0.0,Ferrite,P 4/n m m,4/mmm,FM,EXCLUDED,mp-22491
As1Co0.025Fe0.975Sm1O1,0.0,Ferrite,P 4/n m m,4/mmm,FM,EXCLUDED,mp-20349
As1Co0.25Fe0.75Sm1O1,0.0,Ferrite,P -4 m 2,-42m,FM,EXCLUDED,mp-1219165
As1Co1,0.0,Other,P n m a,mmm,NM,EXCLUDED,mp-583
As1Co1La1O1,0.0,Oxide,P 4/n m m,4/mmm,FM,EXCLUDED,mp-1079008
As1Co1Sm1O1,0.0,Oxide,P 4/n m m,4/mmm,FM,EXCLUDED,mp-1091397
As1Cr1,1.838,Other,P n m a,mmm,FM,EXCLUDED,mp-20717
As1Cu1,0.0,Other,P 63/m m c,6/mmm,NM,CANDIDATE,mp-12070
As1Cu3,0.0,Other,I -4 3 d,-43m,NM,CANDIDATE,mp-1966
As1F0.04Fe1Nd1O0.96,0.0,Ferrite,P 4/n m m,4/mmm,FM,EXCLUDED,mp-622621
As1F0.06La1Ni1O0.94,3.64,Ferrite,P 4/n m m,4/mmm,NM,EXCLUDED,mp-1079362
As1F0.15Fe1La0.5Y0.5O0.85,40.2,Ferrite,P 4 m m,4mm,FM,EXCLUDED,mp-1222786
As1F0.17Fe1Gd1O0.83,22.0,Ferrite,P 4/n m m,4/mmm,FM,EXCLUDED,mp-1078679
As1F0.1Fe1Tb1O0.9,50.5,Ferrite,P 4/n m m,4/mmm,FM,EXCLUDED,mp-1079887
As1F0.2Fe1Nd1O0.8,32.6,Ferrite,P -1,-1,FM,EXCLUDED,mp-698941
As1F1Fe1La0.2Sr0.8,24.4,Ferrite,P 4/n m m,4/mmm,FM,EXCLUDED,mp-20807
As1Fe0.93Sr2V1.07O3,0.0,Oxide,P 4/n m m,4/mmm,FiM,EXCLUDED,mp-1106248
As1Fe1La1O1,10.2,Ferrite,P 1 21/m 1,2/m,AFM,EXCLUDED,mp-20287
As1Ga1,5.7,Other,F -4 3 m,-43m,NM,CANDIDATE,mp-2534
As1Ge1,3.5,Other,C 1 2/m 1,2/m,NM,EXCLUDED,mp-9548
As1Ge1Mo1,0.0,Other,C 1 2/m 1,2/m,NM,EXCLUDED,mp-1224404
As1Ge1Re1,0.0,Other,C 1 2/m 1,2/m,NM,EXCLUDED,mp-1219536
As1Ge1W1,0.0,Other,C 1 2/m 1,2/m,NM,EXCLUDED,mp-1224396
As1Hf1,0.0,Other,P 63/m m c,6/mmm,NM,CANDIDATE,mp-9954
As1Hf1Os1,3.2,Other,P -6 2 m,-62m,NM,CANDIDATE,mp-1079823
As1Hf1Ru1,3.193333333,Other,P -6 2 m,-62m,NM,CANDIDATE,mp-1079079
As1Ir1La1,3.1,Other,I 41 m d,4mm,NM,EXCLUDED,mp-1071028
As1La1,0.0,Other,F m -3 m,m-3m,NM,CANDIDATE,mp-708
As1La1Rh1,0.0,Other,I 41 m d,4mm,NM,EXCLUDED,mp-10956
As1Nb1Si1,8.2,Other,P 4/n m m,4/mmm,NM,EXCLUDED,mp-21907
As1Nb3,2.353333333,Other,P 42/n,4/m,NM,EXCLUDED,mp-504425
As1Ni1,0.0,Ferrite,P 63/m m c,6/mmm,NM,CANDIDATE,mp-590
As1Os1Zr1,8.0,Other,P -6 2 m,-62m,NM,CANDIDATE,mp-1079816
As1Pd1Se1,0.0,Other,P 21 3,23,NM,EXCLUDED,mp-10849
As1Pd2,1.15,Other,C m c 21,mm2,NM,EXCLUDED,mp-8073
As1Pd3,0.0,Other,I -4,-4,NM,EXCLUDED,mp-1105134
As1Pd5,0.46,Other,C 1 2/m 1,2/m,NM,EXCLUDED,mp-2512
As1Pt1Sr1,2.425,Other,P 63/m m c,6/mmm,NM,CANDIDATE,mp-8456
As1Rh0.14Ru0.86,0.75,Other,P n m a,mmm,NM,EXCLUDED,mp-15650
As1Rh1,0.58,Other,P n m a,mmm,NM,EXCLUDED,mp-22079
As1Rh2,0.0,Other,F m -3 m,m-3m,NM,CANDIDATE,mp-2302
As1Ru1Ti1,0.0,Other,I m a 2,mm2,NM,EXCLUDED,mp-1208217
As1Ru1Zr1,8.716666667,Other,P -6 2 m,-62m,NM,CANDIDATE,mp-8221
As1Sn1,3.755,Other,F m -3 m,m-3m,NM,CANDIDATE,mp-2182
As1Ti1,0.0,Other,P 63/m m c,6/mmm,NM,CANDIDATE,mp-1822
As1V3,0.0,Other,P m -3 n,m-3m,NM,CANDIDATE,mp-292
As1Y1,0.0,Other,F m -3 m,m-3m,NM,CANDIDATE,mp-933
As1Zn1,0.0,Other,P b c a,mmm,NM,EXCLUDED,mp-7372
As1Zr1,0.0,Other,P 63/m m c,6/mmm,NM,CANDIDATE,mp-1682
As2Ba0.1Fe2K0.9,6.93,Ferrite,I 4/m m m,4/mmm,FM,EXCLUDED,mp-35276
As2Ba0.2Fe2Na0.8,19.2,Ferrite,C m m m,mmm,FM,EXCLUDED,mp-1227868
As2Ba0.39Fe2K0.61,24.5,Ferrite,C 1 2/m 1,2/m,FM,EXCLUDED,mp-1223766
As2Ba0.49Co0.21Fe1.79K0.51,15.0,Ferrite,C m m m,mmm,FM,EXCLUDED,mp-1223517
As2Ba0.75Fe2K0.25,28.45,Ferrite,P -1,-1,FiM,EXCLUDED,mp-1223625
As2Ba0.805Fe2K0.195,15.0,Ferrite,C 1 2/m 1,2/m,FM,EXCLUDED,mp-1223567
As2Ba0.818Fe2Na0.182,6.4,Ferrite,C 1 2/m 1,2/m,FM,EXCLUDED,mp-1228583
As2Ba1Co2,0.0,Other,I 4/m m m,4/mmm,FM,EXCLUDED,mp-20563
As2Ba1Fe0.75Ru1.25,0.0,Other,I -4 m 2,-42m,FM,EXCLUDED,mp-1227957
As2Ba1Pd2,2.0,Other,I 4/m m m,4/mmm,NM,EXCLUDED,mp-571350
As2Ba1Rh2,0.0,Other,I 4/m m m,4/mmm,NM,EXCLUDED,mp-568113
As2Ba1Ru2,0.0,Other,I 4/m m m,4/mmm,NM,EXCLUDED,mp-4109
As2Ba1Ti2O1,0.0,Oxide,P 4/m m m,4/mmm,NM,EXCLUDED,mp-1018735
As2Ca0.67Fe2Sr0.33,22.0,Ferrite,C 1 2/m 1,2/m,FiM,EXCLUDED,mp-1218636
As2Ca1Pd2,1.27,Other,I 4/m m m,4/mmm,NM,EXCLUDED,mp-5166
As2Cd1Ge1,3.02,Other,I -4 2 d,-42m,NM,EXCLUDED,mp-4953
As2Cd1Sn1,2.29,Other,I -4 2 d,-42m,NM,EXCLUDED,mp-3829
As2Co0.1Fe1.9Mg1Sr4Ti1O6,24.1,Ferrite,P 4 m m,4mm,FM,EXCLUDED,mp-1218475
As2Co1,0.0,Other,P 1 21/c 1,2/m,NM,EXCLUDED,mp-2715
As2Cr2Fe2Sr4O6,0.0,Ferrite,P 4/n m m,4/mmm,FM,EXCLUDED,mp-1189319
As2Cs1Fe2,2.08,Ferrite,I 4/m m m,4/mmm,FM,EXCLUDED,mp-28884
As2Cu1,0.0,Other,P n n m,mmm,NM,EXCLUDED,mp-21859
As2Eu1Ni2,0.0,Ferrite,I 4/m m m,4/mmm,FM,EXCLUDED,mp-6992
As2F2Sr2Ti2O1,0.0,Oxide,I 4/m m m,4/mmm,NM,EXCLUDED,mp-1079747
As2Fe2Rb1,1.983333333,Ferrite,I 4/m m m,4/mmm,FM,EXCLUDED,mp-975359
As2Fe2Sc2Sr3O5,0.0,Ferrite,I 4/m m m,4/mmm,FM,EXCLUDED,mp-1103895
As2Fe2Sc2Sr4O6,0.0,Ferrite,P 4/n m m,4/mmm,FM,EXCLUDED,mp-1105960
As2Hf1,0.0,Other,P n m a,mmm,NM,EXCLUDED,mp-29646
As2Ir2Sr1,2.8,Other,P 4/m m m,4/mmm,FM,EXCLUDED,mp-1206100
As2La1Pd2,0.97,Other,I 4/m m m,4/mmm,NM,EXCLUDED,mp-571434
As2Mo1,0.205,Other,C 1 2/m 1,2/m,NM,EXCLUDED,mp-1337
As2Nb1,0.0,Other,C 1 2/m 1,2/m,NM,EXCLUDED,mp-7598
As2Ni2Sr1,0.66,Ferrite,I 4/m m m,4/mmm,NM,EXCLUDED,mp-4316
As2Pd1,0.0,Other,P a -3,m-3,NM,CANDIDATE,mp-20465
As2Pd2Sr1,0.92,Other,I 4/m m m,4/mmm,NM,EXCLUDED,mp-4370
As2Pd5,0.23,Other,P 63 c m,6mm,NM,CANDIDATE,mp-1214686
As2Pt1,0.0,Other,P a -3,m-3,NM,CANDIDATE,mp-2513
As2Pt2Sr1,5.083333333,Other,P 1 21/c 1,2/m,NM,EXCLUDED,mp-571534
As2Ta1,0.0,Other,C 1 2/m 1,2/m,NM,EXCLUDED,mp-12561
As2Te3,4.4,Other,C 1 2/m 1,2/m,NM,EXCLUDED,mp-484
As2Th1,0.0,Other,P 4/n m m,4/mmm,NM,EXCLUDED,mp-7097
As2Ti1,0.0,Other,P n n m,mmm,NM,EXCLUDED,mp-604647
As2V1,0.0,Other,C 1 2/m 1,2/m,NM,EXCLUDED,mp-1072660
As2W1,0.9,Other,C 1 2/m 1,2/m,NM,EXCLUDED,mp-1077179
As2Zr1,0.0,Other,P n m a,mmm,NM,EXCLUDED,mp-27606
As3Mo2,0.0,Other,C 1 2/m 1,2/m,NM,EXCLUDED,mp-542454
As3Sn4,1.195,Other,R -3 m,-3m,NM,CANDIDATE,mp-12531
As3W2,0.0,Other,C 1 2/m 1,2/m,NM,EXCLUDED,mp-11696
As4Ba2Fe2Ti2O1,20.125,Ferrite,I 4/m m m,4/mmm,FM,EXCLUDED,mp-1103080
As4Ca1Fe4Rb1,35.0,Ferrite,P 4/m m m,4/mmm,FM,EXCLUDED,mp-1078332
As4Mo5,0.0,Other,I 4/m,4/m,NM,EXCLUDED,mp-1743
As7Re3,0.0,Other,I m -3 m,m-3m,NM,CANDIDATE,mp-2473
Au0.02Nb3Rh0.98,2.53,Other,P m -3 n,m-3m,NM,CANDIDATE,mp-1545
Au0.22Nb0.78,7.6,Other,P m -3 n,m-3m,FM,CANDIDATE,mp-2752
Au0.23V0.77,0.66,Other,P m -3 n,m-3m,FM,CANDIDATE,mp-839
Au0.25Ba1Ge12Pt3.75,5.05,Other,I m -3,m-3,NM,CANDIDATE,mp-642304
Au0.25Cu0.75,0.0,Other,P m -3 m,m-3m,NM,CANDIDATE,mp-2258
Au0.25Te0.75,1.85,Other,P 4/m m m,4/mmm,NM,EXCLUDED,mp-1217358
Au0.278Ga0.722,1.615,Other,F m -3 m,m-3m,NM,CANDIDATE,mp-2776
Au0.27Tl0.73,2.04,Other,I 4/m c m,4/mmm,NM,EXCLUDED,mp-30571
Au0.28Te0.72,1.96,Other,C 1 2/m 1,2/m,NM,EXCLUDED,mp-567525
Au0.2Ga0.8,1.587,Other,P 63/m m c,6/mmm,NM,CANDIDATE,mp-1184316
Au0.2In1Pd1.8Y1,1.24,Other,F m -3 m,m-3m,NM,CANDIDATE,mp-568880
Au0.2Sn0.8,2.38,Other,C c c a,mmm,NM,EXCLUDED,mp-1393
Au0.3B2C1La1Pt1.7,0.0,Other,I 4/m m m,4/mmm,NM,EXCLUDED,mp-9219
Au0.427Ga0.573,1.378,Other,P n m a,mmm,NM,EXCLUDED,mp-30379
Au0.5Cu0.5,0.0,Other,P 4/m m m,4/mmm,NM,EXCLUDED,mp-522
Au0.5Pb2Pd0.5,3.02,Other,I 4 2 2,422,NM,EXCLUDED,mp-1219939
Au0.75Hg0.25,0.0,Other,P 63/m m c,6/mmm,NM,CANDIDATE,mp-1184705
Au0.7Nb3Pt0.3,12.283333333333331,Other,P m -3,m-3,NM,CANDIDATE,mp-1220356
Au0.7Nb3Rh0.3,9.5,Other,C m m m,mmm,NM,EXCLUDED,mp-1220645
Au0.9In2Pd0.1,0.0,Other,F m -3 m,m-3m,NM,CANDIDATE,mp-22154
Au1,0.0,Other,P 63/m m c,6/mmm,NM,CANDIDATE,mp-1008634
Au1.3In1Pd0.7Y1,2.68,Other,F -4 3 m,-43m,NM,CANDIDATE,mp-1215995
Au1.8In1Pd0.2Y1,2.27,Other,F m -3 m,m-3m,NM,CANDIDATE,mp-22493
Au1Be1,1.775,Other,P 21 3,23,NM,EXCLUDED,mp-30365
Au1Be5,0.0,Other,F -4 3 m,-43m,NM,CANDIDATE,mp-1220
Au1Ga40Mo8,9.4,Other,R -3,-3,NM,CANDIDATE,mp-1195837
Au1La1,0.0,Other,C m c m,mmm,NM,EXCLUDED,mp-1002136
Au1Lu1,0.185,Other,P m -3 m,m-3m,NM,CANDIDATE,mp-11249
Au1Mg1,0.0,Other,P m -3 m,m-3m,NM,CANDIDATE,mp-437
Au1Na2,0.0,Other,I 4/m c m,4/mmm,NM,EXCLUDED,mp-1363
Au1Pb2,3.76,Other,I 4/m c m,4/mmm,NM,EXCLUDED,mp-22795
Au1Pb3,4.325,Other,I -4 2 m,-42m,NM,EXCLUDED,mp-30412
Au1Pt4U1,0.0,Heavy_fermion,F -4 3 m,-43m,NM,CANDIDATE,mp-1077347
Au1Sb2,0.29,Other,P a -3,m-3,NM,CANDIDATE,mp-738
Au1Sc1,2.0,Other,P m -3 m,m-3m,NM,CANDIDATE,mp-11256
Au1Si3Sr1,1.65,Other,I 4 m m,4mm,NM,EXCLUDED,mp-1067925
Au1Sn1,1.25,Other,P 63/m m c,6/mmm,NM,CANDIDATE,mp-1775
Au1Ta2,0.0,Other,P 42/m n m,4/mmm,NM,EXCLUDED,mp-1194495
Au1Te2,1.366666667,Other,P m a 2,mm2,NM,EXCLUDED,mp-20123
Au1Th2,3.365,Other,I 4/m c m,4/mmm,NM,EXCLUDED,mp-1629
Au1Zn3,1.245,Other,P m -3 n,m-3m,NM,CANDIDATE,mp-30424
Au1Zr3,0.46,Other,P m -3 n,m-3m,NM,CANDIDATE,mp-11263
Au25Sb75,6.7,Other,I m -3 m,m-3m,NM,CANDIDATE,mp-29665
Au2Bi1,1.77,Other,F d -3 m,m-3m,NM,CANDIDATE,mp-570113
Au2Ce1Si2,2.051666667,Heavy_fermion,I 4/m m m,4/mmm,FM,EXCLUDED,mp-5173
Au2Er1In1,0.0,Other,F m -3 m,m-3m,NM,CANDIDATE,mp-30376
Au2Ga1Y1,0.0,Other,F m -3 m,m-3m,NM,CANDIDATE,mp-979422
Au2In1Sc1,3.02,Other,F m -3 m,m-3m,NM,CANDIDATE,mp-30395
Au2In1Tm1,0.0,Other,F m -3 m,m-3m,NM,CANDIDATE,mp-568830
Au2In1Yb1,0.0,Heavy_fermion,F m -3 m,m-3m,NM,CANDIDATE,mp-568537
Au2Na1,0.0,Other,F d -3 m,m-3m,NM,CANDIDATE,mp-1052
Au2Nb3,0.0,Other,I 4/m m m,4/mmm,NM,EXCLUDED,mp-2123
Au2Pb1,2.6575,Other,F d -3 m,m-3m,NM,CANDIDATE,mp-19871
Au5Ba1,0.4,Other,P 6/m m m,6/mmm,NM,CANDIDATE,mp-30364
Au5Ca1,0.34,Other,F -4 3 m,-43m,NM,CANDIDATE,mp-568920
Au5Cd8,0.0,Other,I -4 3 m,-43m,NM,CANDIDATE,mp-1193415
Au5K1,0.0,Other,P 6/m m m,6/mmm,NM,CANDIDATE,mp-1298
Au5Sn1,0.9,Other,R 3 2,32,NM,EXCLUDED,mp-30418
Au9Nb11,0.0,Other,P 41 3 2,432,NM,EXCLUDED,mp-1188500
B0.015C0.985Cu1Sr2O5,0.0,Cuprate,I -4,-4,NM,EXCLUDED,mp-1198030
B0.039C0.961Si1,1.4,Other,F -4 3 m,-43m,NM,CANDIDATE,mp-8062
B0.05P0.95Ru1Zr1,8.4,Other,P n m a,mmm,NM,EXCLUDED,mp-22268
B0.1C2.9Y2,16.4,Other,I -4 3 d,-43m,NM,CANDIDATE,mp-1695
B0.2Nb5Si2.8,5.9,Other,P 63/m c m,6/mmm,NM,CANDIDATE,mp-567871
B0.3Ru0.7,2.538888889,Other,P 63 m c,6mm,NM,CANDIDATE,mp-17535
B0.57Nb0.43,0.0,Other,C m c m,mmm,NM,EXCLUDED,mp-2580
B0.6Nb5Si2.4,7.8,Other,P 63/m c m,6/mmm,NM,CANDIDATE,mp-1106165
B0.72Mo0.28,0.0,Other,R -3 m,-3m,NM,CANDIDATE,mp-1080111
B0.75Ca1Pd3,0.0,Other,P m -3 m,m-3m,NM,CANDIDATE,mp-1206909
B0.86Ba0.14,0.0,Other,P m -3 m,m-3m,NM,CANDIDATE,mp-954
B0.8C1.2Lu1Ni1,3.2,Other,P 4/n m m,4/mmm,NM,EXCLUDED,mp-6188
B0.978C0.022Si1,1.35,Other,P 63 m c,6mm,NM,CANDIDATE,mp-978495
B1,5.0,Other,R -3 m,-3m,NM,CANDIDATE,mp-160
B1.8Co2La1Si0.2,0.0,Other,I 4/m m m,4/mmm,NM,EXCLUDED,mp-2967
B12Er1,0.0,Other,F m -3 m,m-3m,NM,CANDIDATE,mp-1104598
B12Ho1,0.0,Other,F m -3 m,m-3m,NM,CANDIDATE,mp-1104585
B12Lu0.007Zr0.993,5.97,Other,F m -3 m,m-3m,NM,CANDIDATE,mp-1084
B12Lu1,0.435,Other,F m -3 m,m-3m,NM,CANDIDATE,mp-1104289
B12Sc1,0.39,Other,F m -3 m,m-3m,NM,CANDIDATE,mp-8772
B12Th0.93Zr0.07,5.5,Other,F m -3 m,m-3m,NM,CANDIDATE,mp-12570
B12Tm1,0.0,Other,F m -3 m,m-3m,NM,CANDIDATE,mp-1104905
B12Y1,4.7,Other,F m -3 m,m-3m,NM,CANDIDATE,mp-7817
B16Ir19Mg10,4.0875,Other,I -4 3 m,-43m,NM,CANDIDATE,mp-568548
B1Ba1Cu1Gd1O5,0.0,Cuprate,P 4 b m,4mm,FM,EXCLUDED,mp-1214529
B1Ba1Cu1La1O5,0.0,Cuprate,P 4 b m,4mm,NM,EXCLUDED,mp-14970
B1Ba1Cu1Nd1O5,0.0,Cuprate,P 4 b m,4mm,NM,EXCLUDED,mp-10350
B1Ba1Cu1Sm1O5,0.0,Cuprate,P 4 b m,4mm,NM,EXCLUDED,mp-1214336
B1Ba1Cu1Tb1O5,0.0,Cuprate,P 4 b m,4mm,NM,EXCLUDED,mp-1214316
B1C1Li0.78,0.0,Other,P 63/m m c,6/mmm,NM,CANDIDATE,mp-9244
B1C1Mo2,6.7166666665,Other,C m c m,mmm,NM,EXCLUDED,mp-4472
B1Ca1N1Ni1,2.08,Ferrite,P 4/n m m,4/mmm,NM,EXCLUDED,mp-1079500
B1Ce1Pt3,0.0,Heavy_fermion,P 4 m m,4mm,FM,EXCLUDED,mp-22435
B1Co2,0.0,Other,I 4/m c m,4/mmm,FM,EXCLUDED,mp-493
B1Cr1,0.0,Other,I 41/a m d,4/mmm,NM,EXCLUDED,mp-1080664
B1Cr2,0.0,Other,F d d d,mmm,NM,EXCLUDED,mp-569424
B1Fe2,0.0,Other,I 4/m c m,4/mmm,FM,EXCLUDED,mp-1915
B1Hf1,3.1,Other,F m -3 m,m-3m,NM,CANDIDATE,mp-345
B1I3,1.86,Other,P 63/m,6/m,NM,CANDIDATE,mp-23189
B1Ir1,0.0,Other,P -6 m 2,-62m,NM,CANDIDATE,mp-1183252
B1La1N1Ni1,1.96,Ferrite,P 4/n m m,4/mmm,NM,EXCLUDED,mp-20881
B1Mn2,0.0,Other,I 4/m c m,4/mmm,NM,EXCLUDED,mp-20318
B1Mo1,0.25,Other,I 41/a m d,4/mmm,NM,EXCLUDED,mp-1890
B1Mo1Re1,5.09,Other,F m m m,mmm,NM,EXCLUDED,mp-1219525
B1Mo2,4.1125,Other,I 4/m c m,4/mmm,NM,EXCLUDED,mp-2501
B1N1,0.0,Other,P 63/m m c,6/mmm,NM,CANDIDATE,mp-984
B1Nb2,0.0,Other,P 4/m b m,4/mmm,NM,EXCLUDED,mp-20689
B1Nd1Rh3,0.0,Other,P m -3 m,m-3m,NM,CANDIDATE,mp-3591
B1Ni2,0.0,Other,I 4/m c m,4/mmm,NM,EXCLUDED,mp-2536
B1Pt1,0.0,Other,P 63/m m c,6/mmm,NM,CANDIDATE,mp-1096829
B1Re3,4.75,Other,C m c m,mmm,NM,EXCLUDED,mp-15671
B1Rh1,0.0,Other,P 63/m m c,6/mmm,NM,CANDIDATE,mp-567164
B1Rh2,0.0,Other,P n m a,mmm,NM,EXCLUDED,mp-21502
B1Ta1,4.0,Other,C m c m,mmm,NM,EXCLUDED,mp-1097
B1Ta2,1.56,Other,P 4/m b m,4/mmm,NM,EXCLUDED,mp-13415
B1Ti1,0.0,Other,P n m a,mmm,NM,EXCLUDED,mp-7857
B1V1,0.0,Other,C m c m,mmm,NM,EXCLUDED,mp-9973
B1V2,0.0,Other,P 4/m b m,4/mmm,NM,EXCLUDED,mp-2091
B1W1,0.0,Other,I 41/a m d,4/mmm,NM,EXCLUDED,mp-7832
B1W2,2.133333333,Other,I 4/m c m,4/mmm,NM,EXCLUDED,mp-1113
B1Zr1,3.1,Other,P 63/m m c,6/mmm,NM,CANDIDATE,mp-1014246
B2Be1,0.0,Other,P 6/m m m,6/mmm,NM,CANDIDATE,mp-1009823
B2C0.99Er1Fe0.04Ni1.96,7.35,Other,I 4/m m m,4/mmm,NM,EXCLUDED,mp-6098
B2C1Ce0.05Ni2Y0.95,13.8,Other,I 4/m m m,4/mmm,NM,EXCLUDED,mp-6576
B2C1Ce1Co2,0.0,Heavy_fermion,I 4/m m m,4/mmm,NM,EXCLUDED,mp-1025095
B2C1Ce1Ir2,0.0,Heavy_fermion,I 4/m m m,4/mmm,NM,EXCLUDED,mp-10964
B2C1Ce1Ni2,0.05,Heavy_fermion,I 4/m m m,4/mmm,FM,EXCLUDED,mp-10860
B2C1Ce1Pd2,0.0,Heavy_fermion,I 4/m m m,4/mmm,FM,EXCLUDED,mp-1206294
B2C1Ce1Pt2,0.0,Heavy_fermion,I 4/m m m,4/mmm,NM,EXCLUDED,mp-1024975
B2C1Ce1Rh2,0.0,Heavy_fermion,I 4/m m m,4/mmm,NM,EXCLUDED,mp-6191
B2C1Co2Pr1,0.0,Heavy_fermion,I 4/m m m,4/mmm,FM,EXCLUDED,mp-12985
B2C1Dy0.15Ho0.85Ni2,7.895,Other,I 4/m m m,4/mmm,NM,EXCLUDED,mp-6646
B2C1Dy0.1Ni2Tb0.9,0.0,Other,I 4/m m m,4/mmm,NM,EXCLUDED,mp-6092
B2C1Dy0.228Lu0.772Ni2,11.77,Other,I 4/m m m,4/mmm,NM,EXCLUDED,mp-6544
B2C1Dy0.2Ni2Tm0.8,9.75,Other,I 4/m m m,4/mmm,NM,EXCLUDED,mp-6754
B2C1Dy0.75Lu0.25Ni2,0.0,Other,I 4/m m m,4/mmm,NM,EXCLUDED,mp-6223
B2C1Er0.8Ni2Tb0.2,6.15,Other,C 1 2/m 1,2/m,NM,EXCLUDED,mp-1217626
B2C1Gd0.75Ni2Y0.25,0.0,Other,I 4/m m m,4/mmm,FM,EXCLUDED,mp-20728
B2C1Ir2La1,0.0,Other,I 4/m m m,4/mmm,NM,EXCLUDED,mp-5992
B2C1La1Ni2,0.0,Other,I 4/m m m,4/mmm,NM,EXCLUDED,mp-568083
B2C1La1Rh2,0.0,Other,I 4/m m m,4/mmm,NM,EXCLUDED,mp-6794
B2C1Nd1Ni2,0.0,Other,I 4/m m m,4/mmm,NM,EXCLUDED,mp-6102
B2C1Ni2Pr0.8Y0.2,0.0,Heavy_fermion,I 4/m m m,4/mmm,NM,EXCLUDED,mp-6140
B2C1Ni2Tb0.35Y0.65,4.6,Other,P 4/m m m,4/mmm,NM,EXCLUDED,mp-1217431
B2C1Ni2Th1,6.966666667,Other,I 4/m m m,4/mmm,NM,EXCLUDED,mp-1025034
B2C1Ni2U1,0.0,Heavy_fermion,I 4/m m m,4/mmm,FM,EXCLUDED,mp-1025123
B2C1Ni2Yb1,0.0,Heavy_fermion,I 4/m m m,4/mmm,NM,EXCLUDED,mp-6286
B2C1Pd2Th1,14.5,Other,I 4/m m m,4/mmm,NM,EXCLUDED,mp-1025041
B2C1Pd2Y1,22.6,Other,I 4/m m m,4/mmm,NM,EXCLUDED,mp-1024989
B2C1Pr1Pt2,6.0,Heavy_fermion,I 4/m m m,4/mmm,NM,EXCLUDED,mp-12986
B2C1Pr1Rh2,0.0,Heavy_fermion,I 4/m m m,4/mmm,NM,EXCLUDED,mp-568924
B2C1Pt2Th1,6.6,Other,I 4/m m m,4/mmm,NM,EXCLUDED,mp-1072285
B2C1Rh2Th1,0.0,Other,I 4/m m m,4/mmm,NM,EXCLUDED,mp-1080399
B2C1Rh2U1,0.0,Heavy_fermion,I 4/m m m,4/mmm,FM,EXCLUDED,mp-1025127
B2C2Dy1,0.0,Other,P 4/m b m,4/mmm,NM,EXCLUDED,mp-2958
B2C2La1,0.0,Other,P 4/m b m,4/mmm,NM,EXCLUDED,mp-10852
B2C2Lu1,1.2,Other,P 4/m b m,4/mmm,NM,EXCLUDED,mp-10858
B2C2Y1,1.8,Other,P 4/m b m,4/mmm,NM,EXCLUDED,mp-1078866
B2Ca1Ir2,0.0,Other,F d d d,mmm,NM,EXCLUDED,mp-14445
B2Ca1Rh2,0.0,Other,F d d d,mmm,NM,EXCLUDED,mp-8431
B2Ce0.001La0.999Rh3,1.67,Other,P 6/m m m,6/mmm,NM,CANDIDATE,mp-3465
B2Ce1Co3,0.0,Heavy_fermion,P 6/m m m,6/mmm,NM,CANDIDATE,mp-4454
B2Ce1Ir3,0.0,Heavy_fermion,P 6/m m m,6/mmm,FM,CANDIDATE,mp-11593
B2Ce1Rh3,0.0,Heavy_fermion,P 6/m m m,6/mmm,FM,CANDIDATE,mp-5757
B2Ce1Ru3,0.55,Heavy_fermion,P 6/m m m,6/mmm,NM,CANDIDATE,mp-5940
B2Co2Y1,0.0,Other,I 4/m m m,4/mmm,NM,EXCLUDED,mp-3515
B2Co3Dy1,0.0,Other,P 6/m m m,6/mmm,NM,CANDIDATE,mp-20193
B2Co3Er1,0.0,Other,P 6/m m m,6/mmm,NM,CANDIDATE,mp-5353
B2Co3Gd1,0.0,Other,P 6/m m m,6/mmm,FiM,CANDIDATE,mp-21252
B2Co3Ho1,0.0,Other,P 6/m m m,6/mmm,NM,CANDIDATE,mp-5313
B2Co3Lu1,0.0,Other,P 6/m m m,6/mmm,NM,CANDIDATE,mp-15709
B2Co3Sc1,0.0,Other,P 6/m m m,6/mmm,NM,CANDIDATE,mp-4938
B2Co3Sm1,0.0,Other,P 6/m m m,6/mmm,NM,CANDIDATE,mp-5410
B2Co3Tb1,0.0,Other,P 6/m m m,6/mmm,NM,CANDIDATE,mp-3040
B2Co3Tm1,0.0,Other,P 6/m m m,6/mmm,NM,CANDIDATE,mp-5714
B2Co3U1,0.0,Heavy_fermion,P 6/m m m,6/mmm,NM,CANDIDATE,mp-10056
B2Co3Y1,0.0,Other,P 6/m m m,6/mmm,NM,CANDIDATE,mp-5019
B2Co3Yb1,0.0,Heavy_fermion,P 6/m m m,6/mmm,NM,CANDIDATE,mp-10058
B2Cr1,0.0,Other,P 6/m m m,6/mmm,FM,CANDIDATE,mp-374
B2Dy0.1Lu0.9Ru1,7.34,Other,P n m a,mmm,NM,EXCLUDED,mp-29239
B2Dy1Ir3,0.0,Other,P 6/m m m,6/mmm,NM,CANDIDATE,mp-1024993
B2Dy1Os1,0.0,Other,P n m a,mmm,NM,EXCLUDED,mp-1189918
B2Dy1Rh3,0.0,Other,P 6/m m m,6/mmm,NM,CANDIDATE,mp-1025143
B2Dy1Ru1,0.0,Other,P n m a,mmm,NM,EXCLUDED,mp-1189977
B2Dy1Ru3,0.0,Other,P 6/m m m,6/mmm,NM,CANDIDATE,mp-3092
B2Er0.35Lu0.65Ru1,6.94,Other,P m c 21,mm2,NM,EXCLUDED,mp-1225723
B2Er1Ir3,0.0,Other,P 6/m m m,6/mmm,NM,CANDIDATE,mp-5197
B2Er1Os1,0.0,Other,P n m a,mmm,NM,EXCLUDED,mp-1189333
B2Er1Rh3,0.0,Other,P 6/m m m,6/mmm,NM,CANDIDATE,mp-5678
B2Er1Ru1,0.0,Other,P n m a,mmm,NM,EXCLUDED,mp-1181423
B2Er1Ru3,0.0,Other,P 6/m m m,6/mmm,NM,CANDIDATE,mp-3093
B2Eu1Rh3,0.0,Other,P 6/m m m,6/mmm,FM,CANDIDATE,mp-21127
B2Gd1Ir3,0.0,Other,P 6/m m m,6/mmm,FM,CANDIDATE,mp-1077270
B2Gd1Rh3,0.0,Other,P 6/m m m,6/mmm,FM,CANDIDATE,mp-22117
B2Gd1Ru3,0.0,Other,P 6/m m m,6/mmm,FiM,CANDIDATE,mp-22335
B2Ge1Ta5,3.8,Other,I 4/m c m,4/mmm,NM,EXCLUDED,mp-1105309
B2Hf1,0.0,Other,P 6/m m m,6/mmm,NM,CANDIDATE,mp-1994
B2Ho1Ir3,0.0,Other,P 6/m m m,6/mmm,NM,CANDIDATE,mp-1072182
B2Ho1Os1,0.0,Other,P n m a,mmm,NM,EXCLUDED,mp-1189925
B2Ho1Rh3,0.0,Other,P 6/m m m,6/mmm,NM,CANDIDATE,mp-1025027
B2Ho1Ru1,0.0,Other,P n m a,mmm,NM,EXCLUDED,mp-1181033
B2Ho1Ru3,0.0,Other,P 6/m m m,6/mmm,NM,CANDIDATE,mp-2985
B2Ir1Mo2,3.6,Other,P n n m,mmm,NM,EXCLUDED,mp-20391
B2Ir1V2,1.12,Other,P n n m,mmm,NM,EXCLUDED,mp-1189371
B2Ir2Sr1,0.0,Other,F d d d,mmm,NM,EXCLUDED,mp-6939
B2Ir3La1,1.65,Other,P 6/m m m,6/mmm,NM,CANDIDATE,mp-10112
B2Ir3Lu1,0.0,Other,P 6/m m m,6/mmm,NM,CANDIDATE,mp-1024990
B2Ir3Nd1,0.0,Other,P 6/m m m,6/mmm,NM,CANDIDATE,mp-1025068
B2Ir3Sc1,0.0,Other,P 6/m m m,6/mmm,NM,CANDIDATE,mp-1077776
B2Ir3Sm1,0.0,Other,P 6/m m m,6/mmm,NM,CANDIDATE,mp-1080381
B2Ir3Tb1,0.0,Other,P 6/m m m,6/mmm,NM,CANDIDATE,mp-1025075
B2Ir3Th1,2.09,Other,P 6/m m m,6/mmm,NM,CANDIDATE,mp-10115
B2Ir3Tm1,0.0,Other,P 6/m m m,6/mmm,NM,CANDIDATE,mp-1077393
B2Ir3U1,0.0,Heavy_fermion,P 6/m m m,6/mmm,FM,CANDIDATE,mp-10116
B2Ir3Y1,0.0,Other,P 6/m m m,6/mmm,NM,CANDIDATE,mp-31098
B2Ir3Yb1,0.0,Heavy_fermion,P 6/m m m,6/mmm,NM,CANDIDATE,mp-1025071
B2La1Rh3,2.57,Other,F m m m,mmm,NM,EXCLUDED,mp-14696
B2La3N3Ni2,13.0325,Ferrite,I 4/m m m,4/mmm,NM,EXCLUDED,mp-6114
B2Lu1Os1,2.66,Other,P n m a,mmm,NM,EXCLUDED,mp-1189270
B2Lu1Os3,4.655,Other,P 6/m m m,6/mmm,NM,CANDIDATE,mp-2880
B2Lu1Rh3,0.0,Other,P 6/m m m,6/mmm,NM,CANDIDATE,mp-1025024
B2Lu1Ru3,0.0,Other,P 6/m m m,6/mmm,NM,CANDIDATE,mp-5578
B2Mg0.1Nb0.9,4.5,Other,P 6/m m m,6/mmm,NM,CANDIDATE,mp-450
B2Mg0.5,36.0,Other,P n m a,mmm,NM,EXCLUDED,mp-365
B2Mg0.6,36.9,Other,P 4/m m m,4/mmm,NM,EXCLUDED,mp-1222002
B2Mg1Ni3,0.0,Other,P 64 2 2,622,NM,EXCLUDED,mp-571428
B2Mo0.84,0.0,Other,R -3 m,-3m,NM,CANDIDATE,mp-2331
B2Mo5Si1,5.8,Other,I 4/m c m,4/mmm,NM,EXCLUDED,mp-4984
B2Nd1Rh3,0.0,Other,P 6/m m m,6/mmm,NM,CANDIDATE,mp-3055
B2Nd1Ru3,0.0,Other,P 6/m m m,6/mmm,NM,CANDIDATE,mp-7099
B2Os1,1.5975,Other,P m m n,mmm,NM,EXCLUDED,mp-2850
B2Os1Sc1,1.34,Other,P n m a,mmm,NM,EXCLUDED,mp-1189073
B2Os1Tb1,0.0,Other,P n m a,mmm,NM,EXCLUDED,mp-1189495
B2Os1Tm1,0.0,Other,P n m a,mmm,NM,EXCLUDED,mp-1188249
B2Os1Y1,2.22,Other,P n m a,mmm,NM,EXCLUDED,mp-1106229
B2Os3U1,0.0,Heavy_fermion,P 6/m m m,6/mmm,FM,CANDIDATE,mp-10132
B2Pr1Rh3,0.0,Heavy_fermion,P 6/m m m,6/mmm,NM,CANDIDATE,mp-5369
B2Pr1Ru3,0.0,Heavy_fermion,P 6/m m m,6/mmm,NM,CANDIDATE,mp-5939
B2Re1,6.3,Other,P 63/m m c,6/mmm,NM,CANDIDATE,mp-1773
B2Rh2Sr1,0.0,Other,F d d d,mmm,NM,EXCLUDED,mp-7348
B2Rh3Sm1,0.0,Other,P 6/m m m,6/mmm,NM,CANDIDATE,mp-2947
B2Rh3Tb1,0.0,Other,P 6/m m m,6/mmm,NM,CANDIDATE,mp-1072051
B2Rh3Tm1,0.0,Other,P 6/m m m,6/mmm,NM,CANDIDATE,mp-1076960
B2Rh3Y1,0.0,Other,P 6/m m m,6/mmm,NM,CANDIDATE,mp-1024941
B2Rh3Yb1,0.0,Heavy_fermion,P 6/m m m,6/mmm,NM,CANDIDATE,mp-1025051
B2Ru1,0.8,Other,P m m n,mmm,NM,EXCLUDED,mp-1077
B2Ru1Sc0.2Y0.8,8.1,Other,P n m a,mmm,NM,EXCLUDED,mp-1188195
B2Ru1Tb1,0.0,Other,P n m a,mmm,NM,EXCLUDED,mp-1188601
B2Ru1Tm1,0.0,Other,P n m a,mmm,NM,EXCLUDED,mp-1188615
B2Ru3Sm1,0.0,Other,P 6/m m m,6/mmm,NM,CANDIDATE,mp-3467
B2Ru3Tb1,0.0,Other,P 6/m m m,6/mmm,NM,CANDIDATE,mp-3186
B2Ru3Th1,1.79,Other,P 6/m m m,6/mmm,NM,CANDIDATE,mp-3223
B2Ru3Tm1,0.0,Other,P 6/m m m,6/mmm,NM,CANDIDATE,mp-5620
B2Ru3U1,0.0,Heavy_fermion,P 6/m m m,6/mmm,FiM,CANDIDATE,mp-10137
B2Ru3Y1,0.0,Other,P 6/m m m,6/mmm,NM,CANDIDATE,mp-4382
B2Ru3Yb1,0.0,Heavy_fermion,P 6/m m m,6/mmm,NM,CANDIDATE,mp-3268
B2Sc1,0.0,Other,P 6/m m m,6/mmm,NM,CANDIDATE,mp-2252
B2Ta0.84,0.0,Other,P 6/m m m,6/mmm,NM,CANDIDATE,mp-1108
B2Ti1,0.0,Other,P 6/m m m,6/mmm,NM,CANDIDATE,mp-1145
B2V0.01Zr0.99,6.4,Other,P 6/m m m,6/mmm,NM,CANDIDATE,mp-1472
B2V1,0.0,Other,P 6/m m m,6/mmm,NM,CANDIDATE,mp-1491
B3Br5C6La9,6.0,Other,P m m n,mmm,NM,EXCLUDED,mp-624186
B3Re7,3.19,Other,P 63 m c,6mm,NM,CANDIDATE,mp-1106180
B3Rh7,0.0,Other,P 63 m c,6mm,NM,CANDIDATE,mp-1106065
B4C1,0.0,Other,R -3 m,-3m,NM,CANDIDATE,mp-696746
B4Ce1Co4,0.0,Heavy_fermion,P 42/n m c,4/mmm,NM,EXCLUDED,mp-22165
B4Ce1Ru4,0.0,Heavy_fermion,I 41/a c d,4/mmm,NM,EXCLUDED,mp-1201565
B4Co4Dy1,0.0,Other,P 42/n m c,4/mmm,NM,EXCLUDED,mp-1189595
B4Co4Er1,0.0,Other,P 42/n m c,4/mmm,NM,EXCLUDED,mp-1189246
B4Co4Gd1,0.0,Other,P 42/n m c,4/mmm,FM,EXCLUDED,mp-1181496
B4Co4Ho1,0.0,Other,P 42/n m c,4/mmm,NM,EXCLUDED,mp-1188650
B4Co4Lu1,0.0,Other,P 42/n m c,4/mmm,NM,EXCLUDED,mp-1189538
B4Co4Tb1,0.0,Other,P 42/n m c,4/mmm,NM,EXCLUDED,mp-1106036
B4Co4Tm1,0.0,Other,P 42/n m c,4/mmm,NM,EXCLUDED,mp-1190291
B4Co4Y1,0.0,Other,P 42/n m c,4/mmm,NM,EXCLUDED,mp-1105964
B4Dy1Ir2Rh2,4.585,Other,P 42 m c,4mm,NM,EXCLUDED,mp-1225314
B4Dy1Rh4,0.0,Other,P 42/n m c,4/mmm,NM,EXCLUDED,mp-1105740
B4Dy1Ru4,0.0,Other,I 41/a c d,4/mmm,NM,EXCLUDED,mp-1202990
B4Er0.085Ho0.915Rh4,0.0,Other,P 42/n m c,4/mmm,NM,EXCLUDED,mp-1189784
B4Er0.17Rh4Y0.83,10.4,Other,P 42/n m c,4/mmm,NM,EXCLUDED,mp-5984
B4Er0.72Gd0.28Rh4,2.5,Other,P 42/n m c,4/mmm,NM,EXCLUDED,mp-8408
B4Er1Ir2Rh2,7.065,Other,P 42 m c,4mm,NM,EXCLUDED,mp-1225576
B4Er1Ir4,2.22,Other,P 42/n m c,4/mmm,NM,EXCLUDED,mp-1189046
B4Er1Rh4,7.795,Other,C c c a,mmm,NM,EXCLUDED,mp-1200942
B4Er1Ru4,0.0,Other,I 41/a c d,4/mmm,NM,EXCLUDED,mp-1196250
B4Eu1Ru4,0.0,Other,I 41/a c d,4/mmm,FiM,EXCLUDED,mp-1199986
B4Gd1Rh4,0.0,Other,P 42/n m c,4/mmm,FM,EXCLUDED,mp-1106078
B4Ho1Ru4,0.0,Other,I 41/a c d,4/mmm,NM,EXCLUDED,mp-1204787
B4Ir4Lu0.4Y0.6,3.06,Other,P -4 m 2,-42m,NM,EXCLUDED,mp-1215947
B4Ir4Tm1,1.675,Other,P 42/n m c,4/mmm,NM,EXCLUDED,mp-1178924
B4La2Ru5,0.0,Other,P 6/m m m,6/mmm,NM,CANDIDATE,mp-29723
B4Lu0.75Rh4Th0.25,11.93,Other,P 42/n m c,4/mmm,NM,EXCLUDED,mp-1188110
B4Lu1Rh4,10.093625,Other,C c c a,mmm,NM,EXCLUDED,mp-28001
B4Lu1Ru4,2.0,Other,I 41/a c d,4/mmm,NM,EXCLUDED,mp-568184
B4Nd1Rh4,5.323333333,Other,P 42/n m c,4/mmm,NM,EXCLUDED,mp-973480
B4Nd1Ru4,0.0,Other,I 41/a c d,4/mmm,NM,EXCLUDED,mp-1198170
B4Os1Y1,1.4,Other,P b a m,mmm,NM,EXCLUDED,mp-980205
B4Pr1Ru4,0.0,Heavy_fermion,I 41/a c d,4/mmm,NM,EXCLUDED,mp-1200756
B4Rh4Sc0.75Th0.25,8.74,Other,P -4 m 2,-42m,NM,EXCLUDED,mp-1217330
B4Rh4Sm1,2.6475,Other,P 42/n m c,4/mmm,NM,EXCLUDED,mp-978569
B4Rh4Tb1,0.0,Other,P 42/n m c,4/mmm,NM,EXCLUDED,mp-1178967
B4Rh4Th1,4.448,Other,P 42/n m c,4/mmm,NM,EXCLUDED,mp-1106347
B4Rh4Tm1,8.888,Other,C c c a,mmm,NM,EXCLUDED,mp-1204414
B4Rh4Yb1,0.0,Heavy_fermion,C c c a,mmm,NM,EXCLUDED,mp-1197168
B4Ru1Y1,1.38,Other,P b a m,mmm,NM,EXCLUDED,mp-1190832
B4Ru4Sc1,7.27,Other,I 41/a c d,4/mmm,NM,EXCLUDED,mp-1200617
B4Ru4Sm1,0.0,Other,I 41/a c d,4/mmm,NM,EXCLUDED,mp-1199012
B4Ru4Tb1,0.0,Other,I 41/a c d,4/mmm,NM,EXCLUDED,mp-1199943
B4Ru4Th1,0.0,Other,I 41/a c d,4/mmm,NM,EXCLUDED,mp-1203781
B4Ru4Tm1,0.0,Other,I 41/a c d,4/mmm,NM,EXCLUDED,mp-1197448
B4Ru4U1,0.0,Heavy_fermion,I 41/a c d,4/mmm,FM,EXCLUDED,mp-15355
B4Ru4Y1,1.4,Other,I 41/a c d,4/mmm,NM,EXCLUDED,mp-10138
B4Ru4Yb1,0.0,Heavy_fermion,I 41/a c d,4/mmm,NM,EXCLUDED,mp-1200533
B4Ta3,0.0,Other,I m m m,mmm,NM,EXCLUDED,mp-10142
B5W2,0.0,Other,P 63/m m c,6/mmm,NM,CANDIDATE,mp-569803
B6Ca1,0.0,Other,P m -3 m,m-3m,NM,CANDIDATE,mp-865
B6Ce0.01Y0.99,0.0,Other,P m -3 m,m-3m,NM,CANDIDATE,mp-2203
B6Ce1,0.0,Heavy_fermion,P m -3 m,m-3m,FM,CANDIDATE,mp-21343
B6Dy1,0.0,Other,P m -3 m,m-3m,NM,CANDIDATE,mp-568319
B6Eu1,0.0,Other,P m -3 m,m-3m,FM,CANDIDATE,mp-20874
B6Gd1,0.0,Other,P m -3 m,m-3m,FM,CANDIDATE,mp-22266
B6Ho1,0.0,Other,P m -3 m,m-3m,NM,CANDIDATE,mp-571491
B6La1,2.05,Other,P m -3 m,m-3m,NM,CANDIDATE,mp-2680
B6La3Ru8,3.15,Other,F m m m,mmm,NM,EXCLUDED,mp-4676
B6Nd1,3.0,Other,P m -3 m,m-3m,NM,CANDIDATE,mp-1929
B6Os8Y3,5.8,Other,F m m m,mmm,NM,EXCLUDED,mp-571209
B6Pr1,0.0,Heavy_fermion,P m -3 m,m-3m,NM,CANDIDATE,mp-12762
B6Rh8Sr3,3.4,Other,F m m m,mmm,NM,EXCLUDED,mp-568771
B6Sm1,0.0,Other,P m -3 m,m-3m,NM,CANDIDATE,mp-6996
B6Tb1,0.0,Other,P m -3 m,m-3m,NM,CANDIDATE,mp-12763
B6Th1,0.37,Other,P m -3 m,m-3m,NM,CANDIDATE,mp-1756
B6Yb1,0.0,Heavy_fermion,P m -3 m,m-3m,NM,CANDIDATE,mp-419
Ba0.004Cu1La1.996O4,0.0,Cuprate,I 4/m m m,4/mmm,NM,EXCLUDED,mp-1077929
Ba0.05Sr0.95Ti1O3,0.525,Oxide,P m -3 m,m-3m,NM,CANDIDATE,mp-551830
Ba0.13W1O3,1.9,Oxide,C 1 2/m 1,2/m,FM,EXCLUDED,mp-867545
Ba0.19Bi1K0.81O3,8.4,Oxide,P -3 m 1,-3m,NM,CANDIDATE,mp-1223672
Ba0.1Cu1F2Sr1.9O2,54.0,Cuprate,I 4/m m m,4/mmm,NM,EXCLUDED,mp-1025280
Ba0.1Pb3Sr0.9,1.75,Other,P m -3 m,m-3m,NM,CANDIDATE,mp-21162
Ba0.3Cu1La1Sr0.7Tl1O5,30.0,Cuprate,P 4 m m,4mm,NM,EXCLUDED,mp-1218170
Ba0.445Bi1K0.555O3,15.5,Oxide,P -3 m 1,-3m,NM,CANDIDATE,mp-1223518
Ba0.75Bi1K0.25O3,0.0,Oxide,P m m 2,mm2,NM,EXCLUDED,mp-1223500
Ba0.77Bi1K0.23O3,28.0,Oxide,P 1 21/c 1,2/m,NM,EXCLUDED,mp-559051
Ba0.7Cu3Pr1Sr1.3O7,0.0,Cuprate,P m m 2,mm2,NM,EXCLUDED,mp-1227458
Ba0.9K0.1Pb1O3,30.0,Oxide,C 1 2/m 1,2/m,NM,EXCLUDED,mp-20461
Ba0.9K0.1Pb1O3,30.0,Oxide,I m m a,mmm,NM,EXCLUDED,mp-22230
Ba1,3.4375,Other,C m c m,mmm,NM,EXCLUDED,mp-1096835
Ba1.5Cu3La0.5Y1O7,0.3,Cuprate,F m m 2,mm2,NM,EXCLUDED,mp-1228381
Ba1.72Cu4La0.28Y1O8,18.9,Cuprate,C m m m,mmm,NM,EXCLUDED,mp-6790
Ba1.7Cu3La0.3Y1O7,57.45,Cuprate,P m m m,mmm,NM,EXCLUDED,mp-20674
Ba1.7Cu3Nd1.3O7,69.0,Cuprate,P m m m,mmm,NM,EXCLUDED,mp-22719
Ba1.85Cu3Sm1.15O7,83.0,Cuprate,P m m m,mmm,NM,EXCLUDED,mp-21451
Ba1.8Cu1La0.2Tl1O5,0.0,Cuprate,P 4/m m m,4/mmm,NM,EXCLUDED,mp-20942
Ba1.8Cu3La1.2O8,0.0,Cuprate,P 4/m m m,4/mmm,NM,EXCLUDED,mp-505315
Ba1.8Cu3Pr1.2O7,0.0,Cuprate,P m m m,mmm,NM,EXCLUDED,mp-20936
Ba1.8Cu4Ho1Sr0.2O8,68.8,Cuprate,C m m m,mmm,NM,EXCLUDED,mp-6205
Ba1.8Cu4Sr0.2Yb1O8,81.0,Cuprate,C m m m,mmm,NM,EXCLUDED,mp-15039
Ba1.9Cu3Gd1.1O7,93.0,Cuprate,P m m m,mmm,FM,EXCLUDED,mp-19813
Ba1.9Cu3La0.1Y1O6.5,32.9,Cuprate,P m m m,mmm,NM,EXCLUDED,mp-20897
Ba1.9Cu3La0.1Y1O8,64.0,Cuprate,P 4/m m m,4/mmm,NM,EXCLUDED,mp-1214613
Ba1.9Cu4Gd1Sr0.1O8,73.5,Cuprate,C m m m,mmm,FM,EXCLUDED,mp-1214720
Ba1Bi0.25Pb0.75O3,9.9,Oxide,P 1 2/m 1,2/m,NM,EXCLUDED,mp-1228450
Ba1Bi2Ti2O1,4.6,Oxide,P 4/m m m,4/mmm,NM,EXCLUDED,mp-1070808
Ba1Bi3,5.745,Other,P m -3 m,m-3m,NM,CANDIDATE,mp-23201
Ba1C6,0.0,Carbon,P 63/m m c,6/mmm,NM,CANDIDATE,mp-1214417
Ba1Ca1Sn1,0.0,Other,P n m a,mmm,NM,EXCLUDED,mp-11265
Ba1Cu1Gd2O5,0.0,Cuprate,P n m a,mmm,FiM,EXCLUDED,mp-1182677
Ba1Cu1Tl0.76O4.5,86.0,Cuprate,I 4/m m m,4/mmm,NM,EXCLUDED,mvc-11834
Ba1Cu1Y2O5,0.0,Cuprate,P n m a,mmm,FM,EXCLUDED,mp-542733
Ba1Fe1.9Se3,11.0,Ferrite,P n m a,mmm,FM,EXCLUDED,mp-504563
Ba1Ga0.78Si1.22,4.0,Other,P -6 m 2,-62m,NM,CANDIDATE,mp-1227940
Ba1Ga1Ge1,2.4,Other,P 63/m m c,6/mmm,NM,CANDIDATE,mp-1102026
Ba1Ga2,0.0,Other,P 6/m m m,6/mmm,NM,CANDIDATE,mp-1219
Ba1Ge0.2Ni2P1.8,2.59,Ferrite,I 4/m m m,4/mmm,NM,EXCLUDED,mp-9473
Ba1Ge1In1,0.0,Other,P 3 m 1,3m,NM,CANDIDATE,mp-1227944
Ba1Ge2,4.93,Other,P n m a,mmm,NM,EXCLUDED,mp-2139
Ba1Ge3,4.0,Other,P 63/m m c,6/mmm,NM,CANDIDATE,mp-1078234
Ba1Hg1,2.32,Other,P m -3 m,m-3m,NM,CANDIDATE,mp-2197
Ba1Ir2P2,2.1,Other,I 4/m m m,4/mmm,NM,EXCLUDED,mp-11169
Ba1Nb2O5,0.0,Oxide,R 3 m,3m,NM,CANDIDATE,mp-1205727
Ba1Os2P2,0.0,Other,I 4/m m m,4/mmm,NM,EXCLUDED,mp-12056
Ba1P2Rh2,1.0,Other,I 4/m m m,4/mmm,NM,EXCLUDED,mp-8583
Ba1P2Ru2,0.0,Other,I 4/m m m,4/mmm,NM,EXCLUDED,mp-4484
Ba1Pd2,0.0,Other,F d -3 m,m-3m,NM,CANDIDATE,mp-1687
Ba1Pt1Si3,1.875,Other,I 4 m m,4mm,NM,EXCLUDED,mp-1069809
Ba1Pt2,0.0,Other,F d -3 m,m-3m,NM,CANDIDATE,mp-747
Ba1Rh2,6.0,Other,F d -3 m,m-3m,NM,CANDIDATE,mp-568430
Ba1S3V1,0.0,Other,C m c 21,mm2,FM,EXCLUDED,mp-3451
Ba1Si2,5.3,Other,P n m a,mmm,NM,EXCLUDED,mp-1477
Ba1Sn3,4.3,Other,P 63/m m c,6/mmm,NM,CANDIDATE,mp-7759
Ba1Ti1O3,0.0,Oxide,R 3 m,3m,NM,CANDIDATE,mp-5020
Ba2.02Cu1.01Tl1.97O6.16,0.0,Cuprate,C m c a,mmm,NM,EXCLUDED,mp-6027
Ba2.2Cu4Y1O8,80.0,Cuprate,P 4/m m m,4/mmm,NM,EXCLUDED,mp-22215
Ba24Si100,1.475,Other,P 41 3 2,432,NM,EXCLUDED,mp-16094
Ba2Bi2K1O7,0.0,Oxide,I 4 m m,4mm,NM,EXCLUDED,mp-1223506
Ba2Bi3,4.44,Other,I m m m,mmm,NM,EXCLUDED,mp-569529
Ba2Ca0.01Cu4Er0.99O8,79.3,Cuprate,C m m m,mmm,NM,EXCLUDED,mp-6583
Ba2Ca0.01Cu4Tm0.99O8,79.2,Cuprate,C m m m,mmm,NM,EXCLUDED,mp-6710
Ba2Ca0.2Cu2Nd0.8Tl1O7,0.0,Cuprate,P m m 2,mm2,NM,EXCLUDED,mp-1228402
Ba2Ca0.2Cu2Tl1Y0.8O7,0.0,Cuprate,P 4/m m m,4/mmm,NM,EXCLUDED,mp-654374
Ba2Ca0.2Fe3Y0.8O8,0.0,Oxide,P 4/m m m,4/mmm,FM,EXCLUDED,mp-558860
Ba2Ca0.7Ce0.3Cu2Tl2O8,0.0,Cuprate,I 4/m m m,4/mmm,NM,EXCLUDED,mp-6885
Ba2Ca0.7Cu2Gd0.3Tl1O7,81.25,Cuprate,P 4/m m m,4/mmm,NM,EXCLUDED,mp-632802
Ba2Ca1Cu2Hg1O6.08,92.0,Cuprate,P 4/m m m,4/mmm,NM,EXCLUDED,mp-6879
Ba2Ca2Cu3Hg0.85Re0.15O8,132.9,Cuprate,P 4/m m m,4/mmm,NM,EXCLUDED,mp-22601
Ba2Ca2Cu3Tl2O10,118.975,Cuprate,I m m 2,mm2,NM,EXCLUDED,mp-1228620
Ba2Ce0.1Cu4Dy0.9O8,44.0,Cuprate,C m m m,mmm,NM,EXCLUDED,mp-6691
Ba2Cl1Cu2Nb1Pb2O8,0.0,Cuprate,A m m 2,mm2,NM,EXCLUDED,mp-1228495
Ba2Cl1Cu2Pb2Ta1O8,0.0,Cuprate,A m m 2,mm2,NM,EXCLUDED,mp-1228449
Ba2Co0.9Cu2Eu1O7.29,0.0,Cuprate,P m m m,mmm,FiM,EXCLUDED,mp-1214711
Ba2Co1Cu2Er1O7.07,0.0,Cuprate,P m m m,mmm,FM,EXCLUDED,mp-1214699
Ba2Co1Cu2Gd1O7.16,0.0,Cuprate,P m m m,mmm,FiM,EXCLUDED,mp-1214814
Ba2Co1Cu2La1O7.01,0.0,Cuprate,P m m m,mmm,FM,EXCLUDED,mp-1214652
Ba2Co1Cu2Nd1O7.24,0.0,Cuprate,P m m m,mmm,FM,EXCLUDED,mp-1214600
Ba2Co1Cu2Pr1O7.02,0.0,Cuprate,P m m m,mmm,FM,EXCLUDED,mp-1214590
Ba2Co1Cu2Sm1O7.12,0.0,Cuprate,P m m m,mmm,FM,EXCLUDED,mp-1214586
Ba2Co1Cu2Y1O7.2,0.0,Cuprate,P m m m,mmm,FM,EXCLUDED,mp-1214571
Ba2Cu1Hg0.9O4,73.0,Cuprate,P 4/m m m,4/mmm,NM,EXCLUDED,mp-6562
Ba2Cu1Hg1Tl1O6,0.0,Cuprate,I m m 2,mm2,NM,EXCLUDED,mp-1228447
Ba2Cu2.1Nd2Ti1.9O11,0.0,Cuprate,P 4/m m m,4/mmm,NM,EXCLUDED,mp-557043
Ba2Cu2Eu2Ti2O11,0.0,Cuprate,P 4/m m m,4/mmm,FiM,EXCLUDED,mp-616471
Ba2Cu2La0.1Nb1Pr0.9O8,0.0,Cuprate,I 4/m c m,4/mmm,NM,EXCLUDED,mp-1228503
Ba2Cu2La1Nb1O8,0.0,Cuprate,I 4/m c m,4/mmm,NM,EXCLUDED,mp-1214654
Ba2Cu2La2Ti2O11,0.0,Cuprate,P 4/m m m,4/mmm,NM,EXCLUDED,mp-1214655
Ba2Cu3Er0.5Pr0.5O7,28.6,Cuprate,P m m m,mmm,NM,EXCLUDED,mp-1228227
Ba2Cu3Er0.7Pr0.3O7,61.1,Cuprate,P m m m,mmm,NM,EXCLUDED,mp-622110
Ba2Cu3Eu0.2Pr0.8O7,0.0,Cuprate,C m m m,mmm,FM,EXCLUDED,mp-1228601
Ba2Cu3Eu0.8Y0.2O7,93.8,Cuprate,P m m m,mmm,FM,EXCLUDED,mp-622211
Ba2Cu3Eu1O6.5,92.0,Cuprate,F m m m,mmm,FiM,EXCLUDED,mp-1228334
Ba2Cu3F0.76Y1O6,35.0,Cuprate,P m m m,mmm,NM,EXCLUDED,mp-1214572
Ba2Cu3Gd0.4Pr0.6O7,0.0,Cuprate,P m m m,mmm,FM,EXCLUDED,mp-1228407
Ba2Cu3Ho1O7,92.475,Cuprate,P m m m,mmm,NM,EXCLUDED,mp-6616
Ba2Cu3La0.4Pr0.6O7,0.0,Cuprate,P m m m,mmm,NM,EXCLUDED,mp-1228253
Ba2Cu3La0.7Pr0.3O7,57.1,Cuprate,P m m m,mmm,NM,EXCLUDED,mp-622210
Ba2Cu3Lu0.6Pr0.4O7,56.55,Cuprate,P m m m,mmm,NM,EXCLUDED,mp-1228451
Ba2Cu3Lu0.7Pr0.3O7,73.5,Cuprate,P m m m,mmm,NM,EXCLUDED,mp-20324
Ba2Cu3Nd0.2Pr0.8O7,0.0,Cuprate,P m m m,mmm,NM,EXCLUDED,mp-1228202
Ba2Cu3Pr0.3Y0.7O7,56.8925,Cuprate,C m m m,mmm,NM,EXCLUDED,mp-1228182
Ba2Cu3Pr0.5Sm0.5O7,0.0,Cuprate,P m m m,mmm,NM,EXCLUDED,mp-1228206
Ba2Cu3Pr1O6,0.0,Cuprate,P 4/m m m,4/mmm,NM,EXCLUDED,mp-1214585
Ba2Cu3S1Y1O6,89.5,Cuprate,P m m m,mmm,NM,EXCLUDED,mp-1214650
Ba2Cu3Tm1O7,90.83333333,Cuprate,P m m m,mmm,NM,EXCLUDED,mp-622108
Ba2Cu4Eu0.3Pr0.7O8,0.0,Cuprate,C m m m,mmm,NM,EXCLUDED,mp-6779
Ba2Cu4Eu0.75Y0.25O8,75.0,Cuprate,C m m m,mmm,FM,EXCLUDED,mp-1214709
Ba2Cu4Pr0.4Y0.6O8,55.25,Cuprate,C m m m,mmm,NM,EXCLUDED,mp-1228680
Ba2Cu4Sm1O8,69.3,Cuprate,C m m m,mmm,NM,EXCLUDED,mp-1214577
Ba2Ho1Sb1O6,0.0,Oxide,F m -3 m,m-3m,NM,CANDIDATE,mp-6687
Ba2Sb6Sn3,3.9,Other,P n m a,mmm,NM,EXCLUDED,mp-29087
Ba3Ge16Ir4,6.1,Other,I 4/m m m,4/mmm,NM,EXCLUDED,mp-1190530
Ba4Pb3O10,0.0,Oxide,P 1,1,NM,EXCLUDED,mp-752906
Ba6.62Si46,5.0,Other,C m c m,mmm,NM,EXCLUDED,mp-1480
Ba6C60,7.0,Carbon,I m -3,m-3,NM,CANDIDATE,mp-18027
Ba6Ge25,0.24,Other,P 41 3 2,432,NM,EXCLUDED,mp-569965
Ba6Nb10O30,1.625,Oxide,P 4/m b m,4/mmm,NM,EXCLUDED,mp-8846
Ba8Cu4Si42,2.9,Other,A m a 2,mm2,NM,EXCLUDED,mp-1228302
Ba8Ga6Si40,3.3,Other,P m -3 n,m-3m,NM,CANDIDATE,mp-1214507
Ba8Ge46,10.0,Other,I m m a,mmm,NM,EXCLUDED,mp-1095284
Ba8Si46,8.1425,Other,P m -3 n,m-3m,NM,CANDIDATE,mp-640551
Be0.62Si0.38,9.0,Other,F m -3 m,m-3m,NM,CANDIDATE,mp-1009829
Be0.95Pt0.005,0.0,Other,I 4/m m m,4/mmm,NM,EXCLUDED,mp-571622
Be1,3.1065,Other,P 63/m m c,6/mmm,NM,CANDIDATE,mp-87
Be12Co1,0.0,Other,I 4/m m m,4/mmm,NM,EXCLUDED,mp-1104193
Be12Cr1,0.0,Other,I 4/m m m,4/mmm,NM,EXCLUDED,mp-1590
Be12Mn1,0.0,Other,I 4/m m m,4/mmm,FM,EXCLUDED,mp-1104792
Be12Mo1,0.0,Other,I 4/m m m,4/mmm,NM,EXCLUDED,mp-1475
Be12Nb1,0.0,Other,I 4/m m m,4/mmm,NM,EXCLUDED,mp-568912
Be12Pd1,0.0,Other,I 4/m m m,4/mmm,NM,EXCLUDED,mp-12666
Be12Ta1,0.0,Other,I 4/m m m,4/mmm,NM,EXCLUDED,mp-567842
Be12W1,0.0,Other,I 4/m m m,4/mmm,NM,EXCLUDED,mp-568827
Be13Ca1,0.0,Other,F m -3 c,m-3m,NM,CANDIDATE,mp-1845
Be13Ce1,0.0,Heavy_fermion,F m -3 c,m-3m,FM,CANDIDATE,mp-457
Be13Hf1,0.0,Other,F m -3 c,m-3m,NM,CANDIDATE,mp-1878
Be13La1,0.0,Other,F m -3 c,m-3m,NM,CANDIDATE,mp-1193251
Be13Lu1,0.0,Other,F m -3 c,m-3m,NM,CANDIDATE,mp-976039
Be13Mg1,0.0,Other,F m -3 c,m-3m,NM,CANDIDATE,mp-855
Be13Th0.007U0.993,0.67,Heavy_fermion,F m -3 c,m-3m,NM,CANDIDATE,mp-1163
Be13Th1,0.0,Other,F m -3 c,m-3m,NM,CANDIDATE,mp-1562
Be13Y1,0.0,Other,F m -3 c,m-3m,NM,CANDIDATE,mp-1193534
Be13Zr1,0.0,Other,F m -3 c,m-3m,NM,CANDIDATE,mp-30445
Be17Hf2,0.0,Other,P 63/m m c,6/mmm,NM,CANDIDATE,mp-1212567
Be17Nb2,1.47,Other,R -3 m,-3m,NM,CANDIDATE,mp-30441
Be17Ru3,0.0,Other,I m -3,m-3,NM,CANDIDATE,mp-30443
Be17Ta2,0.0,Other,R -3 m,-3m,NM,CANDIDATE,mp-1189402
Be17Zr2,0.0,Other,R -3 m,-3m,NM,CANDIDATE,mp-2544
Be1H3Li1,0.0,Other,P 1 21/c 1,2/m,NM,EXCLUDED,mp-570218
Be1H4Li2,0.0,Other,P 1 21/c 1,2/m,NM,EXCLUDED,mp-1180666
Be1Mo3,0.0,Other,P m -3 n,m-3m,NM,CANDIDATE,mp-11271
Be1Rh1,0.0,Other,P m -3 m,m-3m,NM,CANDIDATE,mp-11276
Be1Ta2,0.0,Other,I 4/m c m,4/mmm,NM,EXCLUDED,mp-11278
Be22Mo0.3Re0.7,8.6,Other,F d -3 m,m-3m,NM,CANDIDATE,mp-569364
Be22Mo1,2.5275,Other,F d -3 m,m-3m,NM,CANDIDATE,mp-30440
Be22W1,4.12,Other,F d -3 m,m-3m,NM,CANDIDATE,mp-30444
Be2Cr1,0.0,Other,P 63/m m c,6/mmm,NM,CANDIDATE,mp-30438
Be2Fe1,0.0,Other,P 63/m m c,6/mmm,FM,CANDIDATE,mp-2225
Be2Mn1,0.0,Other,P 63/m m c,6/mmm,FM,CANDIDATE,mp-11270
Be2Mo1,0.0,Other,P 63/m m c,6/mmm,NM,CANDIDATE,mp-1677
Be2Nb1,2.15,Other,F d -3 m,m-3m,NM,CANDIDATE,mp-2028
Be2Nb3,2.3,Other,P 4/m b m,4/mmm,NM,EXCLUDED,mp-11272
Be2Re1,0.0,Other,P 63/m m c,6/mmm,NM,CANDIDATE,mp-11275
Be2Ru1,1.35,Other,P 63/m m c,6/mmm,NM,CANDIDATE,mp-1103315
Be2Ta3,1.0,Other,P 4/m b m,4/mmm,NM,EXCLUDED,mp-1078957
Be2Ti1,0.0,Other,F d -3 m,m-3m,FM,CANDIDATE,mp-2749
Be2W1,0.0,Other,P 63/m m c,6/mmm,NM,CANDIDATE,mp-11282
Be2Zr1,0.0,Other,P 6/m m m,6/mmm,NM,CANDIDATE,mp-1252
Be3Cu1,0.0,Other,R 3 m,3m,NM,CANDIDATE,mp-1227357
Be3Nb1,0.0,Other,R -3 m,-3m,NM,CANDIDATE,mp-11273
Be5Co1,0.0,Other,F -4 3 m,-43m,FM,CANDIDATE,mp-1071690
Be5Pd1,0.0,Other,F -4 3 m,-43m,NM,CANDIDATE,mp-650
Be5Pt1,2.3,Other,F -4 3 m,-43m,NM,CANDIDATE,mp-1072399
Bi0.1Pt1Sb0.9,1.21,Other,P 63/m m c,6/mmm,NM,CANDIDATE,mp-2845
Bi0.25Pd0.75,0.0,Other,P m m a,mmm,NM,EXCLUDED,mp-30463
Bi0.26Tl0.74,4.275,Other,P 63/m m c,6/mmm,NM,CANDIDATE,mp-1006059
Bi0.2Pb0.8,8.15,Other,R -3 m,-3m,NM,CANDIDATE,mp-1227459
Bi0.343In0.657,5.55,Other,F m m m,mmm,NM,EXCLUDED,mp-1223979
Bi0.3Zr0.7,1.51,Other,P 63/m m c,6/mmm,NM,CANDIDATE,mp-1188051
Bi0.45Pb0.55,7.7,Other,P -6 m 2,-62m,NM,CANDIDATE,mp-1227326
Bi0.57Sn0.43,2.25,Other,I -4 m 2,-42m,NM,EXCLUDED,mp-1218964
Bi0.6Tl0.4,6.0,Other,P 6/m m m,6/mmm,NM,CANDIDATE,mp-30469
Bi1,5.867142857,Other,R -3 m,-3m,NM,CANDIDATE,mp-23152
Bi1.05K0.95O3,8.1,Oxide,P m -3 m,m-3m,NM,CANDIDATE,mp-982040
Bi1.1Rb0.9O3,11.0,Oxide,P m -3 m,m-3m,NM,CANDIDATE,mp-975384
Bi1.5La4Pb1.5,2.4,Other,C 1 2 1,2,NM,EXCLUDED,mp-1223136
Bi1.5La4Sb1.5,0.158,Other,C 1 2 1,2,NM,EXCLUDED,mp-1223101
Bi1.7Ca1Cu2Pb0.3Sr2O8,80.5,Cuprate,C c c 2,mm2,NM,EXCLUDED,mp-1218930
Bi1.7Ca2Cu3Pb0.3Sr2O10,107.25,Cuprate,I 4/m m m,4/mmm,NM,EXCLUDED,mp-1209015
Bi1.85Se3Sr0.15,0.0,Other,R -3 m,-3m,NM,CANDIDATE,mp-541837
Bi10Fe10Sr15O46,0.0,Ferrite,C 2 2 2,222,FM,EXCLUDED,mp-616616
Bi14Rh3,2.895,Other,I a -3 d,m-3m,NM,CANDIDATE,mp-30467
Bi1Ca0.35Cu2Pb1Sr2Y0.65O8,76.0,Cuprate,P 1 2/c 1,2/m,NM,EXCLUDED,mp-1218870
Bi1Ce1,0.0,Heavy_fermion,F m -3 m,m-3m,FM,CANDIDATE,mp-23285
Bi1Ce1F0.25S2O0.75,0.0,OxideHeavy_fermion,P 4/n m m,4/mmm,FM,EXCLUDED,mp-610469
Bi1Ce1Pd1,1.3,Heavy_fermion,F -4 3 m,-43m,FM,CANDIDATE,mp-604453
Bi1Co0.1Sc0.9,0.0,Other,F m -3 m,m-3m,NM,CANDIDATE,mp-570632
Bi1Cr1,0.0,Other,P 1 21/c 1,2/m,FiM,EXCLUDED,mp-1079128
Bi1Cu1,1.8,Other,P 63/m m c,6/mmm,NM,CANDIDATE,mp-569792
Bi1Cu1Mg1,0.0,Other,F -4 3 m,-43m,NM,CANDIDATE,mp-30449
Bi1Er1Pd1,1.24,Other,F -4 3 m,-43m,NM,CANDIDATE,mp-1206953
Bi1F0.2La1S2O0.8,7.11,Oxide,P 4/n m m,4/mmm,NM,EXCLUDED,mp-1078397
Bi1F0.4La1S2O0.6,10.26,Oxide,P -4 m 2,-42m,NM,EXCLUDED,mp-1223274
Bi1F1La0.25S2Sr0.75,0.0,Other,P 4/n m m,4/mmm,NM,EXCLUDED,mp-1078631
Bi1In2,5.584,Other,P 63/m m c,6/mmm,NM,CANDIDATE,mp-23188
Bi1In5,4.1,Other,C 1 2/m 1,2/m,NM,EXCLUDED,mp-1223990
Bi1K0.6Sr0.4O3,11.42166667,Oxide,I -4 2 m,-42m,NM,EXCLUDED,mp-1223282
Bi1K1,3.6,Other,P 1 21/c 1,2/m,NM,EXCLUDED,mp-31104
Bi1K1O3,9.6,Oxide,P n -3,m-3,NM,CANDIDATE,mp-29799
Bi1K3,0.0,Other,P 63 c m,6mm,NM,CANDIDATE,mp-31286
Bi1La1,0.0,Other,F m -3 m,m-3m,NM,CANDIDATE,mp-22926
Bi1La1Pt1,0.9,Other,F -4 3 m,-43m,NM,CANDIDATE,mp-1018136
Bi1La2,0.76,Other,I 4/m m m,4/mmm,NM,EXCLUDED,mp-1077063
Bi1La4Pb2,2.5,Other,I -4 2 d,-42m,NM,EXCLUDED,mp-1223139
Bi1Li1,2.4625,Other,P 4/m m m,4/mmm,NM,EXCLUDED,mp-22902
Bi1Li3,0.0,Other,F m -3 m,m-3m,NM,CANDIDATE,mp-23222
Bi1Lu1Pt1,1.0,Other,F -4 3 m,-43m,NM,CANDIDATE,mp-1206992
Bi1Mg1,0.7,Other,R -3 m,-3m,NM,CANDIDATE,mp-1039305
Bi1Mn1,0.0,Other,P 63/m m c,6/mmm,FiM,CANDIDATE,mp-568382
Bi1Na1,2.25,Other,P 4/m m m,4/mmm,NM,EXCLUDED,mp-22924
Bi1Na3,0.0,Other,P 63/m m c,6/mmm,NM,CANDIDATE,mp-27838
Bi1Nb3,2.516666667,Other,P m -3 n,m-3m,NM,CANDIDATE,mp-568014
Bi1Ni1,4.25,Ferrite,C 1 m 1,m,NM,EXCLUDED,mp-1220533
Bi1Pd1,3.746666667,Other,P 63/m m c,6/mmm,NM,CANDIDATE,mp-1008488
Bi1Pd1Se1,1.0,Other,P 21 3,23,NM,EXCLUDED,mp-1095370
Bi1Pd1Te1,1.2,Other,P 21 3,23,NM,EXCLUDED,mp-29011
Bi1Pr1,0.0,Heavy_fermion,F m -3 m,m-3m,NM,CANDIDATE,mp-23171
Bi1Pt1,1.21,Other,P 63/m m c,6/mmm,NM,CANDIDATE,mp-1066078
Bi1Pt1Se1,1.45,Other,P 21 3,23,NM,EXCLUDED,mp-1103607
Bi1Pt1Te1,1.15,Other,P 21 3,23,NM,EXCLUDED,mp-29638
Bi1Pt1Y1,0.906666667,Other,F -4 3 m,-43m,NM,CANDIDATE,mp-1206679
Bi1Rh1,2.04,Other,P 63/m m c,6/mmm,NM,CANDIDATE,mp-1064554
Bi1S1,0.0,Other,A m m 2,mm2,NM,EXCLUDED,mp-28677
Bi1S3,0.0,Other,P 63/m m c,6/mmm,NM,CANDIDATE,mp-1183481
Bi1Sb1,1.47,Other,R 3 m,3m,NM,CANDIDATE,mp-1227290
Bi1Te2Tl1,0.141,Other,R -3 m,-3m,NM,CANDIDATE,mp-27438
Bi1Ti3,0.0,Other,P 63/m m c,6/mmm,NM,CANDIDATE,mp-866201
Bi1V3,0.0,Other,P m -3 n,m-3m,NM,CANDIDATE,mp-1120717
Bi1Y1,0.0,Other,F m -3 m,m-3m,NM,CANDIDATE,mp-23241
Bi1Zr3,2.84,Other,I -4,-4,NM,EXCLUDED,mp-1207416
Bi2Ca0.1Cu2Pr0.9Sr2O8,0.0,Cuprate,I 4/m m m,4/mmm,NM,EXCLUDED,mp-1208752
Bi2Ca0.1Cu2Sr2Y0.9O8,0.0,Cuprate,C c c m,mmm,FM,EXCLUDED,mp-1208863
Bi2Ca0.7Cu2I1Sr2Y0.3O8,79.0,Cuprate,P m n a,mmm,NM,EXCLUDED,mp-1209124
Bi2Ca2Cu2Sr1O8.229,76.4,Cuprate,C c c m,mmm,NM,EXCLUDED,mp-1208800
Bi2Cu1La0.24Sr1.76O6,24.0,Cuprate,C c c m,mmm,NM,EXCLUDED,mp-555827
Bi2Cu1O4,0.0,Cuprate,P 4/n c c,4/mmm,FM,EXCLUDED,mp-505042
Bi2Cu2Er1Sr2O8,0.0,Cuprate,I 4/m m m,4/mmm,NM,EXCLUDED,mp-1208931
Bi2F0.1S2O0.9,3.675,Oxide,P 4/n m m,4/mmm,NM,EXCLUDED,mp-1078366
Bi2Ir1,2.715,Other,P 1 21/c 1,2/m,NM,EXCLUDED,mp-1101783
Bi2K1,3.575,Other,F d -3 m,m-3m,NM,CANDIDATE,mp-23279
Bi2K3,0.0,Other,C 1 2/c 1,2/m,NM,EXCLUDED,mp-1206573
Bi2La4Pb1,2.3,Other,I -4 2 d,-42m,NM,EXCLUDED,mp-1223111
Bi2La4Sn1,0.0,Other,I -4 2 d,-42m,NM,EXCLUDED,mp-1223150
Bi2Mg3,0.0,Other,P -3 m 1,-3m,NM,CANDIDATE,mp-569018
Bi2Ni3S2,0.79,Ferrite,I 21 3,23,NM,EXCLUDED,mp-642190
Bi2Ni3Se2,0.73,Ferrite,C 1 2/m 1,2/m,NM,EXCLUDED,mp-30973
Bi2Pd1,3.823333333,Other,C 1 2/m 1,2/m,NM,EXCLUDED,mp-568746
Bi2Pd3S2,0.0,Other,I 21 3,23,NM,EXCLUDED,mp-23012
Bi2Pd3Se2,0.96,Other,C 1 2/m 1,2/m,NM,EXCLUDED,mp-1103697
Bi2Pt1,0.0775,Other,P b c a,mmm,NM,EXCLUDED,mp-568531
Bi2Rh1,1.1,Other,P 1 21/c 1,2/m,NM,EXCLUDED,mp-23217
Bi2S1,0.0,Other,P 1 21/c 1,2/m,NM,EXCLUDED,mp-1103100
Bi2S3,0.0,Other,P n m a,mmm,NM,EXCLUDED,mp-22856
Bi2Te1,8.6,Other,I -4 2 d,-42m,NM,EXCLUDED,mp-1227413
Bi2Te3,3.7325,Other,R -3 m,-3m,NM,CANDIDATE,mp-34202
Bi2Zr1,0.0,Other,P n n m,mmm,NM,EXCLUDED,mp-29642
Bi3Ca1,1.85,Other,P m -3 m,m-3m,NM,CANDIDATE,mp-866006
Bi3Fe0.05Ni0.95,4.08,Ferrite,P n m a,mmm,NM,EXCLUDED,mp-23179
Bi3La5,0.64,Other,I -4 3 d,-43m,NM,CANDIDATE,mp-23187
Bi3Mo1,3.7,Other,P 1 21/m 1,2/m,NM,EXCLUDED,mp-1189810
Bi3Sn1,3.77,Other,F m -3 m,m-3m,NM,CANDIDATE,mp-978882
Bi3Sr1,5.7,Other,P m -3 m,m-3m,NM,CANDIDATE,mp-23159
Bi3Zn1,0.87,Other,I 4/m m m,4/mmm,NM,EXCLUDED,mp-971718
Bi4Cu4Sr4Tm2O17.14,0.0,Cuprate,I 4/m m m,4/mmm,NM,EXCLUDED,mp-1208757
Bi4Mg1,0.85,Other,P 63/m m c,6/mmm,NM,CANDIDATE,mp-1185697
Bi4Te3,3.5,Other,R -3 m,-3m,NM,CANDIDATE,mp-28229
Bi5Th3,0.0,Other,I -4 3 d,-43m,NM,CANDIDATE,mp-23270
Br0.25C2Cl1.75Y2,2.85,Other,C 1 2/m 1,2/m,NM,EXCLUDED,mp-1206889
Br0.25C2I1.75Y2,10.35,Other,C 1 2/m 1,2/m,NM,EXCLUDED,mp-23062
Br0.5C2I1.5Y2,11.35,Other,C 1 m 1,m,NM,EXCLUDED,mp-1216139
Br1.75C2Cl0.25Y2,4.7,Other,C 1 2/m 1,2/m,NM,EXCLUDED,mp-643367
Br1N1Ti1,0.0,Other,P m m n,mmm,NM,EXCLUDED,mp-27849
Br2,1.4,Other,C m c a,mmm,NM,EXCLUDED,mp-23154
Br2C2La2,7.03,Other,C 1 2/m 1,2/m,NM,EXCLUDED,mp-1206284
Br2Ca1.75Cu1Na0.25O2,18.0,Cuprate,I 4/m m m,4/mmm,NM,EXCLUDED,mp-545481
Br2Cu1,0.0,Other,C 1 2/m 1,2/m,FM,EXCLUDED,mp-23219
Br2Mo6S6,13.4,Chevrel,R -3,-3,NM,CANDIDATE,mp-29231
C0.026N0.974Nb1,17.2,Other,P -6 m 2,-62m,NM,CANDIDATE,mp-2634
C0.35N0.65Nb1,17.8,Other,R -3 m,-3m,NM,CANDIDATE,mp-1220725
C0.42Mo1,2.8,Other,P b c n,mmm,NM,EXCLUDED,mp-1552
C0.46W0.54,9.0,Other,P -6 m 2,-62m,NM,CANDIDATE,mp-1894
C0.47Ta1,0.0,Other,P -3 m 1,-3m,NM,CANDIDATE,mp-7088
C0.48Nb1,0.0,Other,P n m a,mmm,NM,EXCLUDED,mp-569989
C0.64Mo1,8.45,Other,P -3 m 1,-3m,NM,CANDIDATE,mp-1221473
C0.69Mg1Ni3,1.8,Other,P m -3 m,m-3m,NM,CANDIDATE,mp-10700
C0.754Ta1,0.0,Other,F m -3 m,m-3m,NM,CANDIDATE,mp-1086
C0.75Mo1,14.7,Other,P -6 m 2,-62m,NM,CANDIDATE,mp-2305
C0.77Nb1,0.0,Other,F m -3 m,m-3m,NM,CANDIDATE,mp-910
C0.82Nb2S1,4.43,Other,P 63/m m c,6/mmm,NM,CANDIDATE,mp-9988
C0.922V1,0.0,Other,F m -3 m,m-3m,NM,CANDIDATE,mp-1282
C0.92Y1,0.0,Other,F m -3 m,m-3m,NM,CANDIDATE,mp-998893
C0.96Sc1,0.0,Other,F m -3 m,m-3m,NM,CANDIDATE,mp-10020
C0.985Hf1,0.0,Other,F m -3 m,m-3m,NM,CANDIDATE,mp-21075
C1,7.2,Carbon,R -3 m,-3m,NM,CANDIDATE,mp-569304
C1.35La1,11.0,Other,I -4 3 d,-43m,NM,CANDIDATE,mp-1184
C1.45Th1,4.1,Other,I -4 3 d,-43m,NM,CANDIDATE,mp-1188514
C1.58La1,9.6,Other,I 4/m m m,4/mmm,NM,EXCLUDED,mp-2367
C1.95Y1,3.86,Other,I 4/m m m,4/mmm,NM,EXCLUDED,mp-313
C1Cd1Ni3,3.133333333,Other,P m -3 m,m-3m,NM,CANDIDATE,mp-1206343
C1Cd1Ti2,0.0,Other,P 63/m m c,6/mmm,NM,CANDIDATE,mp-9961
C1Cr2Ga1,0.0,Other,P 63/m m c,6/mmm,NM,CANDIDATE,mp-20197
C1Cr4,0.0,Other,F m -3 m,m-3m,NM,CANDIDATE,mp-723
C1Cu0.67Nb2S2,4.85,Other,P 3 m 1,3m,NM,CANDIDATE,mp-1220693
C1Cu11Sr8Y4O28,0.0,Cuprate,A m m 2,mm2,NM,EXCLUDED,mp-1173193
C1Cu1K0.1Sr1.9O5,0.0,Cuprate,I -4 2 m,-42m,AFM,EXCLUDED,mp-1147662
C1Cu1Sr2O5.35,0.0,Cuprate,P m m 2,mm2,NM,EXCLUDED,mp-1218825
C1Fe3,0.65,Other,P 63 2 2,622,FM,EXCLUDED,mp-13154
C1Ga1Mo2,3.9,Other,P 63/m m c,6/mmm,NM,CANDIDATE,mp-1079635
C1Ga1Ni3,0.0,Other,P m -3 m,m-3m,NM,CANDIDATE,mp-1206991
C1Hf0.4Nb0.6,5.6,Other,R -3 m,-3m,NM,CANDIDATE,mp-1224334
C1Hf0.5Mo0.5,3.4,Other,P 4/m m m,4/mmm,NM,EXCLUDED,mp-1224308
C1Hf0.6Zr0.4,0.0,Other,P 4/m m m,4/mmm,NM,EXCLUDED,mp-1224170
C1Hf2In1,0.0,Other,P 63/m m c,6/mmm,NM,CANDIDATE,mp-22156
C1In1La3,0.0,Other,P m -3 m,m-3m,NM,CANDIDATE,mp-29056
C1In1Ti2,3.1,Other,P 63/m m c,6/mmm,NM,CANDIDATE,mp-20315
C1In1Zr2,0.0,Other,P 63/m m c,6/mmm,NM,CANDIDATE,mp-20004
C1K1,0.55,Other,I 41/a c d,4/mmm,NM,EXCLUDED,mp-243
C1La3Pb1,0.0,Other,P m -3 m,m-3m,NM,CANDIDATE,mp-10611
C1La3Sn1,0.0,Other,P m -3 m,m-3m,NM,CANDIDATE,mp-1206443
C1La3Tl1,0.0,Other,P m -3 m,m-3m,NM,CANDIDATE,mp-7159
C1Mo0.49Nb0.51,12.22,Other,R -3 m,-3m,NM,CANDIDATE,mp-1220406
C1Mo0.4Ta0.6,8.67,Other,R -3 m,-3m,NM,CANDIDATE,mp-1217919
C1Mo0.4W0.6,11.3,Other,P m m 2,mm2,NM,EXCLUDED,mp-1221393
C1Mo0.75Nb0.25,13.1,Other,R -3 m,-3m,NM,CANDIDATE,mp-1220378
C1Mo0.75Ta0.25,8.5,Other,P -3 m 1,-3m,NM,CANDIDATE,mp-1217903
C1Mo3Re2,0.0,Other,P 41 3 2,432,NM,EXCLUDED,mp-1190846
C1Nb0.1Ti0.9,0.0,Other,F m -3 m,m-3m,NM,CANDIDATE,mp-631
C1Nb0.1Zr0.9,4.2,Other,F m -3 m,m-3m,NM,CANDIDATE,mp-2795
C1Nb0.4Ta0.6,10.27666667,Other,R -3 m,-3m,NM,CANDIDATE,mp-1217924
C1Nb0.8W0.2,13.2,Other,R -3 m,-3m,NM,CANDIDATE,mp-1220459
C1Nb2S2,7.6,Other,R -3 m,-3m,NM,CANDIDATE,mp-4384
C1Nb2Sn1,1.9666666665,Other,P 63/m m c,6/mmm,NM,CANDIDATE,mp-5443
C1Ni3Zn1,0.0,Other,P m -3 m,m-3m,NM,CANDIDATE,mp-16290
C1Pb1Ti2,0.0,Other,P 63/m m c,6/mmm,NM,CANDIDATE,mp-20661
C1Re2W3,0.0,Other,P 41 3 2,432,NM,EXCLUDED,mp-16877
C1Rh1,1.666666667,Other,F -4 3 m,-43m,NM,CANDIDATE,mp-1009696
C1Ru1,2.02,Other,R -3 m,-3m,NM,CANDIDATE,mp-999259
C1S1,9.0,Other,P 4/n m m,4/mmm,NM,EXCLUDED,mp-1147643
C1Sc1,0.0,Other,I -4 3 d,-43m,NM,CANDIDATE,mp-15661
C1Si1,1.075,Other,P 3 m 1,3m,NM,CANDIDATE,mp-568656
C1Ta0.45W0.55,10.5,Other,R -3 m,-3m,NM,CANDIDATE,mp-1217826
C1Ta0.4Ti0.6,4.8,Other,R -3 m,-3m,NM,CANDIDATE,mp-1217904
C1Ta0.8W0.2,9.92,Other,R -3 m,-3m,NM,CANDIDATE,mp-1218023
C1Tc1,3.85,Other,F -4 3 m,-43m,FM,CANDIDATE,mp-1009848
C1Th1,0.0,Other,F m -3 m,m-3m,NM,CANDIDATE,mp-1164
C1Ti0.5W0.5,6.7,Other,R -3 m,-3m,NM,CANDIDATE,mp-1216690
C1Ti0.8W0.2,0.0,Other,R -3 m,-3m,NM,CANDIDATE,mp-1217128
C1U1,0.0,Heavy_fermion,F m -3 m,m-3m,NM,CANDIDATE,mp-2489
C1V2,0.0,Other,P b c n,mmm,NM,EXCLUDED,mp-20648
C1W2,3.835,Other,P b c n,mmm,NM,EXCLUDED,mp-2034
C2Ce1,0.0,Carbon,I -4 3 d,-43m,NM,CANDIDATE,mp-20181
C2Ce1Ni1,0.0,Heavy_fermion,A m m 2,mm2,NM,EXCLUDED,mp-19741
C2Cr3,0.0,Other,P n m a,mmm,NM,EXCLUDED,mp-20937
C2Cu0.05La1Ni0.95,3.15,Other,A m m 2,mm2,NM,EXCLUDED,mp-1018048
C2Dy1,0.0,Carbon,I -4 3 d,-43m,NM,CANDIDATE,mp-2238
C2Er1,0.0,Carbon,I -4 3 d,-43m,NM,CANDIDATE,mp-9544
C2Gd1,0.0,Carbon,I -4 3 d,-43m,FM,CANDIDATE,mp-1189998
C2Ho1,0.0,Carbon,I -4 3 d,-43m,NM,CANDIDATE,mp-2332
C2Ir1U2,0.0,Heavy_fermion,I 4/m m m,4/mmm,FM,EXCLUDED,mp-6940
C2Lu1,3.33,Carbon,I -4 3 d,-43m,NM,CANDIDATE,mp-15319
C2Mo1Re1,3.8,Other,R -3 m,-3m,NM,CANDIDATE,mp-1219523
C2Na1,5.0,Carbon,P 43 3 2,432,NM,EXCLUDED,mp-1102647
C2Nd1,0.0,Carbon,I -4 3 d,-43m,NM,CANDIDATE,mp-1800
C2Ni1Th0.1Y0.9,6.005,Other,A m m 2,mm2,NM,EXCLUDED,mp-1066566
C2Os1U2,0.0,Heavy_fermion,I 4/m m m,4/mmm,NM,EXCLUDED,mp-1069004
C2Pr1,0.0,Carbon,I -4 3 d,-43m,NM,CANDIDATE,mp-683
C2Pt0.1Rh0.9U2,0.0,Heavy_fermion,I 4/m m m,4/mmm,FM,EXCLUDED,mp-1069790
C2Pt0.7Rh0.3U2,0.0,Heavy_fermion,I 4/m m m,4/mmm,FM,EXCLUDED,mp-1068685
C2Ru1U2,0.0,Heavy_fermion,I 4/m m m,4/mmm,NM,EXCLUDED,mp-1069160
C2Sm1,0.0,Carbon,I -4 3 d,-43m,NM,CANDIDATE,mp-569335
C2Tb1,0.0,Carbon,I -4 3 d,-43m,NM,CANDIDATE,mp-7024
C2Tm1,0.0,Carbon,I -4 3 d,-43m,NM,CANDIDATE,mp-9545
C2Yb1,0.0,Carbon,I 4/m m m,4/mmm,NM,EXCLUDED,mp-1100
C3Cr7,0.0,Other,P 63 m c,6mm,NM,CANDIDATE,mp-1196316
C4Fe1Lu2,0.0,Other,I b a m,mmm,NM,EXCLUDED,mp-1104515
C4Fe1Tm2,0.0,Other,I b a m,mmm,NM,EXCLUDED,mp-7085
C4Fe1Y2,3.6,Other,I b a m,mmm,NM,EXCLUDED,mp-1103537
C60Ca5,8.4,Carbon,C m m m,mmm,FM,EXCLUDED,mp-1214610
C6Ca1,11.303,Carbon,P -1,-1,NM,EXCLUDED,mp-1206211
C6Sr1,1.65,Carbon,P 63/m m c,6/mmm,NM,CANDIDATE,mp-1208630
C6Yb1,6.496666667,Carbon,P 63/m m c,6/mmm,NM,CANDIDATE,mp-1103975
C8.1K1,0.152,Carbon,F d d d,mmm,NM,EXCLUDED,mp-28930
C8Cs1,0.0675,Carbon,P 6/m m m,6/mmm,NM,CANDIDATE,mp-28861
C8Rb1,0.01205,Carbon,F d d d,mmm,NM,EXCLUDED,mp-568643
Ca0.01Cu1Y0.99O2.5,0.0,Cuprate,P n m a,mmm,FiM,EXCLUDED,mp-510475
Ca0.01Cu1Y0.99O2.58,0.0,Cuprate,P m -3 m,m-3m,NM,CANDIDATE,mvc-11697
Ca0.01Nd0.99Ni1O3,0.0,Oxide,P n m a,mmm,FM,EXCLUDED,mp-22106
Ca0.15Cu1La0.85Nd1O4,23.0,Cuprate,I 4 m m,4mm,NM,EXCLUDED,mp-1222802
Ca0.15Cu3Pb2Sr2Y0.85O8,47.0,Cuprate,P m n a,mmm,NM,EXCLUDED,mp-1198573
Ca0.17Cu1Dy1.83O4,0.0,Cuprate,C m c a,mmm,NM,EXCLUDED,mp-752673
Ca0.17Cu1Tm1.83O4,30.0,Cuprate,P 1 21/c 1,2/m,AFM,EXCLUDED,mp-1100986
Ca0.1Cu2Ga1Sr2Y0.9O7,0.0,Cuprate,I m a 2,mm2,NM,EXCLUDED,mp-556575
Ca0.1Cu2Gd0.9Ru1Sr2O8,61.0,Cuprate,P 4/m b m,4/mmm,FiM,EXCLUDED,mp-1194240
Ca0.1Ti1Y0.9O3,0.0,Oxide,P n m a,mmm,FM,EXCLUDED,mp-4355
Ca0.21La0.79Mn1O3,0.0,Oxide,P m n 21,mm2,FM,EXCLUDED,mp-39689
Ca0.25Cu2Ga1Sr2Tm0.75O7,28.0,Cuprate,I m a 2,mm2,NM,EXCLUDED,mp-1208765
Ca0.2Cu2Pr0.8Sr2Tl1O7,38.0,Cuprate,P 4/m m m,4/mmm,NM,EXCLUDED,mp-1208792
Ca0.2Cu2Sr2Tl1Y0.8O7,0.0,Cuprate,P m m 2,mm2,NM,EXCLUDED,mp-1218486
Ca0.2La0.8Rh1O3,0.0,Oxide,P n m a,mmm,NM,EXCLUDED,mp-5163
Ca0.35Cu2Ga1Sr2Y0.65O7,27.0,Cuprate,C 1 2 1,2,FM,EXCLUDED,mp-1218546
Ca0.36Cu3Pb2Sr2Y0.64O8,65.0,Cuprate,P -1,-1,NM,EXCLUDED,mp-1218734
Ca0.3Ti1Y0.7O3,0.0,Oxide,P m n 21,mm2,FM,EXCLUDED,mp-1227099
Ca0.5Cu3Ho0.5Pb2Sr2O8,75.56666667,Cuprate,P -1,-1,NM,EXCLUDED,mp-1218617
Ca0.75Cu2Sr2Th0.25Tl1O7,52.5,Cuprate,P 4/m m m,4/mmm,NM,EXCLUDED,mp-20824
Ca0.78Cl1Cu1Sm1Sr0.22O3,0.0,Cuprate,P 4/n m m,4/mmm,NM,EXCLUDED,mp-620364
Ca0.7Cu2Pb0.5Sr2Tl0.5Y0.3O7,0.0,Cuprate,I 4/m m m,4/mmm,NM,EXCLUDED,mp-1173221
Ca0.86Cu1Sr0.14O2,0.0,Cuprate,P 4/m m m,4/mmm,NM,EXCLUDED,mp-4826
Ca1.5Ru1Sr0.5O4,0.0,Oxide,I b a 2,mm2,FM,EXCLUDED,mp-1218458
Ca1.75Cl2Cu1Na0.25O2,26.5,Cuprate,I 4/m m m,4/mmm,NM,EXCLUDED,mp-23143
Ca1Cu5,0.0,Other,P 6/m m m,6/mmm,NM,CANDIDATE,mp-1882
Ca1Ga1Ge1,0.0,Other,P 63/m m c,6/mmm,NM,CANDIDATE,mp-541310
Ca1Ga2,0.0,Other,P 63/m m c,6/mmm,NM,CANDIDATE,mp-11284
Ca1Ge3,3.4,Other,I 4/m m m,4/mmm,NM,EXCLUDED,mp-1205360
Ca1Hg1,1.6,Other,P m -3 m,m-3m,NM,CANDIDATE,mp-11286
Ca1Hg3,1.6,Other,P 63/m m c,6/mmm,NM,CANDIDATE,mp-863648
Ca1Ir1Si3,3.3,Other,I 4 m m,4mm,NM,EXCLUDED,mp-1068653
Ca1Ir2,5.075,Other,F d -3 m,m-3m,NM,CANDIDATE,mp-570436
Ca1Li2,13.0,Other,F d -3 m,m-3m,NM,CANDIDATE,mp-11644
Ca1Mg2,0.0,Other,P 63/m m c,6/mmm,NM,CANDIDATE,mp-2432
Ca1P2Rh2,0.0,Other,I 4/m m m,4/mmm,NM,EXCLUDED,mp-8580
Ca1P2Ru2,0.0,Other,I 4/m m m,4/mmm,NM,EXCLUDED,mp-5157
Ca1Pb1,7.0,Other,P 4/m m m,4/mmm,NM,EXCLUDED,mp-20034
Ca1Pb1.2Tl1.8,2.8,Other,I m m m,mmm,NM,EXCLUDED,mp-1097156
Ca1Pb3,0.65,Other,P m -3 m,m-3m,NM,CANDIDATE,mp-20549
Ca1Pd2,0.0,Other,F d -3 m,m-3m,NM,CANDIDATE,mp-833
Ca1Pt1Si3,2.3,Other,I 4 m m,4mm,NM,EXCLUDED,mp-1069604
Ca1Pt2,0.0,Other,F d -3 m,m-3m,NM,CANDIDATE,mp-842
Ca1Rh1.2Sn4.5,8.7,Other,P m -3 n,m-3m,NM,CANDIDATE,mp-4363
Ca1Rh2,6.4,Other,F d -3 m,m-3m,FM,CANDIDATE,mp-571262
Ca1Se1,0.0,Other,F m -3 m,m-3m,NM,CANDIDATE,mp-1415
Ca1Si1,0.0,Other,C m c m,mmm,NM,EXCLUDED,mp-1563
Ca1Si1.9,1.35,Other,R -3 m,-3m,NM,CANDIDATE,mp-2700
Ca1Si2.2,1.37,Other,R -3 m,-3m,NM,CANDIDATE,mp-2699
Ca1Si3,4.25,Other,I 4/m m m,4/mmm,NM,EXCLUDED,mp-1205346
Ca1Ti1O3,0.0,Oxide,P n m a,mmm,NM,EXCLUDED,mp-4019
Ca1Tl3,2.04,Other,P m -3 m,m-3m,NM,CANDIDATE,mp-526
Ca1Zn5,0.0,Other,P 6/m m m,6/mmm,NM,CANDIDATE,mp-1734
Ca2Cu1O3,0.0,Cuprate,I m m m,mmm,NM,EXCLUDED,mp-5869
Ca2Cu3Ga1Sr2O9,71.5,Cuprate,I m a 2,mm2,NM,EXCLUDED,mp-1209020
Ca2In1N1,0.6,Other,C m c m,mmm,NM,EXCLUDED,mp-510086
Ca2K1Nb3O10,1.0,Oxide,P 1 21/m 1,2/m,NM,EXCLUDED,mp-557195
Ca2Pt3Si5,1.3,Other,I b a m,mmm,NM,EXCLUDED,mp-1214093
Ca2Ru2O7,0.0,Oxide,F d -3 m,m-3m,FM,CANDIDATE,mp-554638
Ca2Si1,0.0,Other,P n m a,mmm,NM,EXCLUDED,mp-2517
Ca3Co4Sn13,5.75,Other,P m -3 n,m-3m,NM,CANDIDATE,mp-1200470
Ca3Ge13Ir4,1.7,Other,P m -3 n,m-3m,NM,CANDIDATE,mp-1202780
Ca3Ge13Rh4,2.1,Other,P m -3 n,m-3m,NM,CANDIDATE,mp-1201179
Ca3Ge4Ir4,1.7,Other,I -4 3 m,-43m,NM,CANDIDATE,mp-1095240
Ca3Ir4Sn13,6.95,Other,P m -3 n,m-3m,NM,CANDIDATE,mp-1200211
Ca4Cl4Cu3Sm2O8,0.0,Cuprate,I 4/m m m,4/mmm,NM,EXCLUDED,mp-1214003
Ca4Pb19Rh6,3.3,Other,I 2 3,23,NM,EXCLUDED,mp-1214426
Cd0.04Cu0.96S2,1.3,Other,P n n m,mmm,NM,EXCLUDED,mp-849086
Cd0.06Cu0.94Se2,1.3,Other,P n n m,mmm,NM,EXCLUDED,mp-2000
Cd0.18Sn0.72,3.65,Other,I 4/m m m,4/mmm,NM,EXCLUDED,mp-1183720
Cd0.18Tl0.82,2.54,Other,P m -3 m,m-3m,NM,CANDIDATE,mp-979269
Cd0.2Mg0.08,0.0,Other,C m c m,mmm,NM,EXCLUDED,mp-1094763
Cd0.3Hg0.7,1.7,Other,I 4/m m m,4/mmm,NM,EXCLUDED,mp-30488
Cd0.5Mg0.5,0.0,Other,A m m 2,mm2,NM,EXCLUDED,mp-978274
Cd0.6Mg0.4,0.016,Other,C 1 2/c 1,2/m,NM,EXCLUDED,mp-1094694
Cd0.75Mg0.25,0.16,Other,P 63/m m c,6/mmm,NM,CANDIDATE,mp-30491
Cd1,0.52414,Other,P 63/m m c,6/mmm,NM,CANDIDATE,mp-94
Cd11La1,0.0,Other,P m -3 m,m-3m,NM,CANDIDATE,mp-1201591
Cd1Mo6S8,1.8,Chevrel,R -3,-3,NM,CANDIDATE,mp-1104677
Cd1Mo6Se8,2.4,Chevrel,R -3,-3,NM,CANDIDATE,mp-1103966
Cd1O1,0.0,Oxide,F m -3 m,m-3m,NM,CANDIDATE,mp-1132
Cd1Sn1,3.65,Other,P -6 m 2,-62m,NM,CANDIDATE,mp-1183726
Cd1V3,0.0,Other,P m -3 n,m-3m,FM,CANDIDATE,mp-568564
Cd2Os2O7,0.0,Oxide,F d -3 m,m-3m,FM,CANDIDATE,mp-5950
Cd2Re2O7,1.102857143,Oxide,F d -3 m,m-3m,FM,CANDIDATE,mp-16783
Cd6Na1,0.0,Other,P m -3,m-3,NM,CANDIDATE,mp-1203422
Ce0.001La0.999Pt1Si1,1.765,Other,I 41 m d,4mm,NM,EXCLUDED,mp-1206485
Ce0.016La0.984Sn3,4.33,Other,P m -3 m,m-3m,NM,CANDIDATE,mp-633
Ce0.01Cu1Nd1.99O4,0.0,Cuprate,I 4/m m m,4/mmm,NM,EXCLUDED,mp-4158
Ce0.025Ru2Si2U0.975,0.0,Heavy_fermion,I 4/m m m,4/mmm,NM,EXCLUDED,mp-3388
Ce0.04Cu1Pr1.96O4,23.6,Cuprate,I 4/m m m,4/mmm,NM,EXCLUDED,mp-4181
Ce0.05Ge12Pr0.95Pt4,5.75,Heavy_fermion,I m -3,m-3,NM,CANDIDATE,mp-1105939
Ce0.05La0.95P12Ru4,6.8,Other,I m -3,m-3,NM,CANDIDATE,mp-15727
Ce0.05La0.95Ru2,3.616,Other,F d -3 m,m-3m,NM,CANDIDATE,mp-2019
Ce0.06Cu1Sm1.94O4,0.0,Cuprate,I 4/m m m,4/mmm,NM,EXCLUDED,mp-4210
Ce0.15Cu1Eu1.85O4,7.75,Cuprate,I 4/m m m,4/mmm,FiM,EXCLUDED,mp-22306
Ce0.15Cu1Gd1.85O4,0.0,Cuprate,P 1 21/c 1,2/m,FM,EXCLUDED,mp-676060
Ce0.225Co1In5Yb0.775,0.0,Heavy_fermion,P 4/m m m,4/mmm,NM,EXCLUDED,mp-20972
Ce0.28La0.72Ru2,1.278,Other,F -4 3 m,-43m,NM,CANDIDATE,mp-1222913
Ce0.5Cu2Nb1Nd1.5Sr2O10,25.05,Cuprate,A m m 2,mm2,FiM,EXCLUDED,mp-1218607
Ce0.5Cu2Ru1Sr2Y1.5O10,0.0,Cuprate,P 4 m m,4mm,FM,EXCLUDED,mp-1218787
Ce0.75Ge12Pr0.25Pt4,0.0,Heavy_fermion,I m -3,m-3,FM,CANDIDATE,mp-1190040
Ce0.7Cu2Eu1.3Ru1Sr2O10,33.0,Cuprate,C 1 m 1,m,FiM,EXCLUDED,mp-1218883
Ce0.805Ru0.195,0.0,Heavy_fermion,F d -3 m,m-3m,FM,CANDIDATE,mp-1214027
Ce0.825Co1In5La0.175,0.0,Heavy_fermion,P 4/m m m,4/mmm,FM,EXCLUDED,mp-19961
Ce0.84Ru2Y0.16,4.92,Heavy_fermion,F d -3 m,m-3m,NM,CANDIDATE,mp-607
Ce0.96Pt3Si1Th0.04,0.0,Heavy_fermion,P 4 m m,4mm,NM,EXCLUDED,mp-1207119
Ce0.975Cu2Si2,0.0,Heavy_fermion,I 4/m m m,4/mmm,NM,EXCLUDED,mp-5452
Ce0.9In5La0.1Rh1,1.6,Heavy_fermion,P 4/m m m,4/mmm,FM,EXCLUDED,mp-20294
Ce1,0.85,Heavy_fermion,F m -3 m,m-3m,NM,CANDIDATE,mp-567332
Ce1Co0.25In5Ir0.75,1.52,Heavy_fermion,P 4/m m m,4/mmm,FM,EXCLUDED,mp-20975
Ce1Co0.2Ir0.8Si3,0.62,Heavy_fermion,I 4 m m,4mm,FM,EXCLUDED,mp-1068906
Ce1Co1.85,0.86,Heavy_fermion,F d -3 m,m-3m,NM,CANDIDATE,mp-1112
Ce1Co1Ge3,0.676666667,Heavy_fermion,I 4 m m,4mm,FM,EXCLUDED,mp-21116
Ce1Cu1Sb2,0.0,Heavy_fermion,P 4/n m m,4/mmm,FM,EXCLUDED,mp-672238
Ce1Cu2Ge2,1.32,Heavy_fermion,I 4/m m m,4/mmm,FM,EXCLUDED,mp-20173
Ce1Cu6,0.0,Heavy_fermion,P 1 21/c 1,2/m,FM,EXCLUDED,mp-581942
Ce1Ga6,0.0,Heavy_fermion,P 4/n b m,4/mmm,NM,EXCLUDED,mp-711
Ce1Ge1Pd2,0.0,Heavy_fermion,P n m a,mmm,FM,EXCLUDED,mp-1188948
Ce1Ge2Ni2,0.216666667,Heavy_fermion,I 4/m m m,4/mmm,FM,EXCLUDED,mp-3325
Ce1Ge3Ir1,0.805,Heavy_fermion,I 4 m m,4mm,FM,EXCLUDED,mp-13122
Ce1Ge3Ni1,0.455,Heavy_fermion,C m m m,mmm,FM,EXCLUDED,mp-1205748
Ce1In3,0.13,Heavy_fermion,P m -3 m,m-3m,FM,CANDIDATE,mp-20369
Ce1In7Pt2,2.1,Heavy_fermion,I 4/m m m,4/mmm,FM,EXCLUDED,mp-1078439
Ce1Ir2,0.0,Heavy_fermion,F d -3 m,m-3m,FM,CANDIDATE,mp-582
Ce1Ir3,3.34,Heavy_fermion,P 63/m m c,6/mmm,NM,CANDIDATE,mp-1191930
Ce1Ir5,1.82,Heavy_fermion,P 6/m m m,6/mmm,NM,CANDIDATE,mp-30507
Ce1Mo6S8,0.0,Heavy_fermionChevrel,R -3,-3,FM,CANDIDATE,mp-38564
Ce1N0.87,0.0,Heavy_fermion,F m -3 m,m-3m,FM,CANDIDATE,mp-2493
Ce1Ni1Sb2,0.0,Ferrite,P 4/n m m,4/mmm,NM,EXCLUDED,mp-22539
Ce1Ni2,0.0,Heavy_fermion,F d -3 m,m-3m,NM,CANDIDATE,mp-1654
Ce1Os2,0.0,Heavy_fermion,P 63/m m c,6/mmm,NM,CANDIDATE,mp-1102302
Ce1P12Ru4,0.0,Heavy_fermion,I m -3,m-3,FM,CANDIDATE,mp-10069
Ce1P2Pd2,0.0,Heavy_fermion,I 4/m m m,4/mmm,FM,EXCLUDED,mp-1207218
Ce1Pd1Sb2,0.0,Heavy_fermion,P 4/n m m,4/mmm,FM,EXCLUDED,mp-1079881
Ce1Pd2Si2,0.421,Heavy_fermion,I 4/m m m,4/mmm,FM,EXCLUDED,mp-3826
Ce1Pt1Si1,0.0,Heavy_fermion,I 41 m d,4mm,FM,EXCLUDED,mp-1072580
Ce1Pt1Si2,0.14,Heavy_fermion,C m c m,mmm,NM,EXCLUDED,mp-3284
Ce1Pt2,0.0,Heavy_fermion,F d -3 m,m-3m,NM,CANDIDATE,mp-2109
Ce1Pt3,0.0,Heavy_fermion,P m -3 m,m-3m,NM,CANDIDATE,mp-11318
Ce1Pt5,0.0,Heavy_fermion,P 6/m m m,6/mmm,FM,CANDIDATE,mp-542777
Ce1Rh1Si3,0.914,Heavy_fermion,I 4 m m,4mm,FM,EXCLUDED,mp-1070394
Ce1Rh1Sn1,0.0,Heavy_fermion,P -6 2 m,-62m,FM,CANDIDATE,mp-12374
Ce1Rh2,0.0,Heavy_fermion,F d -3 m,m-3m,FM,CANDIDATE,mp-951
Ce1Rh2Si2,0.356666667,Heavy_fermion,I 4/m m m,4/mmm,FM,EXCLUDED,mp-4090
Ce1Ru3Si2,1.25,Heavy_fermion,P 6/m m m,6/mmm,NM,CANDIDATE,mp-30043
Ce1Ru4Sb12,0.0,Heavy_fermion,I m -3,m-3,NM,CANDIDATE,mp-1189811
Ce1S1,0.0,Heavy_fermion,F m -3 m,m-3m,FM,CANDIDATE,mp-1096
Ce1Si2,0.0,Heavy_fermion,I 41/a m d,4/mmm,NM,EXCLUDED,mp-1898
Ce1Sn3,0.0,Heavy_fermion,P m -3 m,m-3m,FM,CANDIDATE,mp-1911
Ce2Co1In8,0.4,Heavy_fermion,P 4/m m m,4/mmm,FiM,EXCLUDED,mp-19989
Ce2Ge5Ni3,0.22,Heavy_fermion,I b a m,mmm,NM,EXCLUDED,mp-1213960
Ce2In8Ir1,0.0,Heavy_fermion,P 4/m m m,4/mmm,FM,EXCLUDED,mp-1207157
Ce2In8Pd1,0.69,Heavy_fermion,P 4/m m m,4/mmm,FM,EXCLUDED,mp-1102172
Ce2In8Rh1,0.8125,Heavy_fermion,P 4/m m m,4/mmm,FM,EXCLUDED,mp-1206465
Ce2Ir3Si5,0.0,Heavy_fermion,I b a m,mmm,NM,EXCLUDED,mp-1105703
Ce2Pd3Si5,0.0,Heavy_fermion,I b a m,mmm,FM,EXCLUDED,mp-1213852
Ce2Rh3Si5,0.0,Heavy_fermion,I b a m,mmm,NM,EXCLUDED,mp-1188214
Ce2S3,0.0,Heavy_fermion,P n m a,mmm,FM,EXCLUDED,mp-20973
Ce3Ge13Ru4,0.0,Heavy_fermion,P m -3 n,m-3m,FM,CANDIDATE,mp-1204084
Ce3Ge2Rh2,0.0,Heavy_fermion,P b c m,mmm,FM,EXCLUDED,mp-21597
Ce3Pd4Si4,0.0,Heavy_fermion,I m m m,mmm,FM,EXCLUDED,mp-1103548
Ce3Ru4Sn13,0.0,Heavy_fermion,P m -3 n,m-3m,FM,CANDIDATE,mp-1198582
Ce4Sb3,0.0,Heavy_fermion,F m -3 m,m-3m,FM,CANDIDATE,mp-387
Cl0.7Hf1N1,24.0,Other,R -3 m,-3m,NM,CANDIDATE,mp-541911
Cl0.7N1Zr1,13.16666667,Other,R -3 m,-3m,NM,CANDIDATE,mp-568592
Cl1Cu2Pb2Ru1Sr2O8,0.0,Cuprate,A m m 2,mm2,FiM,EXCLUDED,mp-1218869
Cl1Cu2Sr3O5,70.0,Cuprate,I m -3 m,m-3m,NM,CANDIDATE,mp-1147678
Cl1Cu3Pb3Sr3O8,0.0,Cuprate,P 1 m 1,m,NM,EXCLUDED,mp-1218799
Cl1Hf1N1Na0.18,22.0,Other,C 1 2/m 1,2/m,NM,EXCLUDED,mp-1220765
Cl1Li0.05N1Zr1,15.0,Other,R -3 m,-3m,NM,CANDIDATE,mp-1222362
Cl1N1Na0.16Ti1,14.0,Other,P -1,-1,NM,EXCLUDED,mp-1220939
Cl1N1Ti1,0.0,Other,P m m n,mmm,NM,EXCLUDED,mp-27850
Co0.004Fe1.996K0.8Se2,22.0,Ferrite,I 4/m m m,4/mmm,FM,EXCLUDED,mp-1070735
Co0.02Cu0.98Rh2S4,1.0,Other,F d -3 m,m-3m,NM,CANDIDATE,mp-15613
Co0.02Sn0.98Ta3,4.0,Other,P m -3 n,m-3m,NM,CANDIDATE,mp-30871
Co0.05Fe0.95Se1,10.0,Ferrite,P 4/n m m,4/mmm,NM,EXCLUDED,mp-20311
Co0.06La1Ru2.94Si2,6.62,Other,P 6/m m m,6/mmm,NM,CANDIDATE,mp-29240
Co0.15Ni0.85Zr2,1.4,Other,I 4/m c m,4/mmm,NM,EXCLUDED,mp-328
Co0.15Ti0.85,3.8,Other,F d -3 m,m-3m,NM,CANDIDATE,mp-1208254
Co0.25Pd49.75Sb50,1.57,Other,P 63/m m c,6/mmm,NM,CANDIDATE,mp-1769
Co0.2Ir3.8Lu5Si10,5.52,Other,P 4/m b m,4/mmm,NM,EXCLUDED,mp-542170
Co0.3Ni0.7V3,0.0,Other,P m -3 n,m-3m,NM,CANDIDATE,mp-7226
Co0.3Ni0.7Zr2,1.87,Other,I 4 2 2,422,NM,EXCLUDED,mp-1215379
Co0.3Sc0.7,0.35,Other,I 4/m c m,4/mmm,NM,EXCLUDED,mp-30562
Co0.44Mo0.56,13.0,Other,P -6 m 2,-62m,FiM,CANDIDATE,mp-1226002
Co0.5Fe0.5Ti1,3.3,Other,F m -3 m,m-3m,FM,CANDIDATE,mp-1187429
Co0.5Fe0.5Zr2,1.26,Other,I 4 2 2,422,NM,EXCLUDED,mp-1215368
Co0.5Ni0.5Ta2,0.91,Other,I 4 2 2,422,NM,EXCLUDED,mp-1217989
Co0.5Ni0.5V3,0.0,Other,P m -3,m-3,NM,CANDIDATE,mp-1216439
Co0.5Rh0.5V3,0.0,Other,P m -3,m-3,NM,CANDIDATE,mp-1216457
Co0.75Cu0.25Zr2,4.89,Other,C 2 2 2,222,NM,EXCLUDED,mp-1215345
Co0.7Cu0.3La1.15Sr0.85O4,0.0,Cuprate,I 4 m m,4mm,AFM,EXCLUDED,mp-1274783
Co0.85Cu0.15Zr2,5.88,Other,I 4/m c m,4/mmm,NM,EXCLUDED,mp-628
Co0.8Fe0.2Ga5Pu1,10.0,Heavy_fermion,P 4/m m m,4/mmm,FM,EXCLUDED,mp-1206185
Co0.92Mn0.08U6,2.2,Heavy_fermion,I 4/m c m,4/mmm,NM,EXCLUDED,mp-582635
Co0.975Mo0.025U1,0.0,Heavy_fermion,I 21 3,23,NM,EXCLUDED,mp-1080107
Co0.9Rh0.1V3,0.0,Other,P m -3 n,m-3m,NM,CANDIDATE,mp-1585
Co1,0.0,Other,P 63/m m c,6/mmm,FM,CANDIDATE,mp-54
Co1.5V0.5Zr1,0.0,Other,R -3 m,-3m,NM,CANDIDATE,mp-1215478
Co1.8Cr0.2Cu1S4,2.7,Other,F d -3 m,m-3m,NM,CANDIDATE,mp-3925
Co1Ga5Np0.1U0.9,7.2,Heavy_fermion,P 4/m m m,4/mmm,FiM,EXCLUDED,mp-4732
Co1Ga5Np1,0.0,Heavy_fermion,P 4/m m m,4/mmm,FM,EXCLUDED,mp-1025325
Co1Ge0.92Si0.08U1,0.288,Heavy_fermion,P n m a,mmm,NM,EXCLUDED,mp-20671
Co1Ge2,0.0,Other,C m c a,mmm,NM,EXCLUDED,mp-30045
Co1Ge3Nd1,0.0,Other,I 4 m m,4mm,NM,EXCLUDED,mp-14625
Co1Ge3Pr1,0.0,Heavy_fermion,I 4 m m,4mm,NM,EXCLUDED,mp-13125
Co1Hf2,0.56,Other,F d -3 m,m-3m,NM,CANDIDATE,mp-1190841
Co1In5La1,0.0,Other,P 4/m m m,4/mmm,NM,EXCLUDED,mp-21414
Co1La1O3,0.0,Oxide,P -1,-1,FiM,EXCLUDED,mp-1277476
Co1La2O4,0.0,Oxide,C m c a,mmm,AFM,EXCLUDED,mp-27494
Co1La3,4.226666667,Other,P n m a,mmm,NM,EXCLUDED,mp-640095
Co1Lu3,0.175,Other,P n m a,mmm,NM,EXCLUDED,mp-1189116
Co1Na0.35O2,0.0,Oxide,P 1,1,FM,EXCLUDED,mp-1221448
Co1Na0.48O2,0.0,Oxide,C m c 21,mm2,FM,EXCLUDED,mp-755782
Co1Na0.6O2,0.0,Oxide,C 1 m 1,m,AFM,EXCLUDED,mp-867705
Co1Na0.72O2,0.0,Oxide,R -3 m,-3m,NM,CANDIDATE,mp-18921
Co1Nb1V1,0.0,Other,A m m 2,mm2,FM,EXCLUDED,mp-1220522
Co1Nb4Si1,6.0,Other,P 4/m c c,4/mmm,NM,EXCLUDED,mp-10003
Co1O1,0.0,Oxide,F m -3 m,m-3m,AFM,CANDIDATE,mp-19079
Co1O2,0.0,Oxide,I 4/m,4/m,FM,EXCLUDED,mvc-14149
Co1P1,0.0,Other,P n m a,mmm,NM,EXCLUDED,mp-22270
Co1P3,0.0,Other,I m -3,m-3,NM,CANDIDATE,mp-1944
Co1Sb1,0.0,Other,P 63/m m c,6/mmm,NM,CANDIDATE,mp-2644
Co1Sc1,0.0,Other,P m -3 m,m-3m,FM,CANDIDATE,mp-2212
Co1Sc3,0.0,Other,P n m a,mmm,NM,EXCLUDED,mp-27162
Co1Si1,0.0,Other,P 21 3,23,NM,EXCLUDED,mp-7577
Co1Si1U1,0.0,Heavy_fermion,C m c m,mmm,FM,EXCLUDED,mp-1178888
Co1Si2,1.306666667,Other,F m -3 m,m-3m,NM,CANDIDATE,mp-2379
Co1Sn2,0.0,Other,I 4/m c m,4/mmm,NM,EXCLUDED,mp-20155
Co1Ta2,0.82,Other,I 4/m c m,4/mmm,NM,EXCLUDED,mp-574
Co1Te1,0.0,Other,R -3,-3,FM,CANDIDATE,mp-1226090
Co1Ti1,0.71,Other,P m -3 m,m-3m,FM,CANDIDATE,mp-823
Co1Ti2,3.44,Other,F d -3 m,m-3m,NM,CANDIDATE,mp-1191331
Co1Y3,0.34,Other,P n m a,mmm,NM,EXCLUDED,mp-1105598
Co1Zr1,0.0,Other,P m -3 m,m-3m,FM,CANDIDATE,mp-2283
Co1Zr3,3.6125,Other,C m c m,mmm,NM,EXCLUDED,mp-30619
Co20Zr80,0.0,Other,F d -3 m,m-3m,NM,CANDIDATE,mp-1207434
Co2Ge2Sr1,0.0,Other,I 4/m m m,4/mmm,NM,EXCLUDED,mp-7361
Co2Lu1,0.0,Other,F d -3 m,m-3m,NM,CANDIDATE,mp-2206
Co2P1,0.0,Other,P n m a,mmm,FM,EXCLUDED,mp-22204
Co2Zr1,0.0,Other,F d -3 m,m-3m,NM,CANDIDATE,mp-929
Co3Th7,1.815,Other,P 63 m c,6mm,NM,CANDIDATE,mp-30565
Co3Y4,2.033333333,Other,R -3 m,-3m,FM,CANDIDATE,mp-865373
Co4Ge13Yb3,0.0,Heavy_fermion,P m -3 n,m-3m,NM,CANDIDATE,mp-1203071
Co4Ge7U3,0.0,Heavy_fermion,I 4/m m m,4/mmm,FM,EXCLUDED,mp-20462
Co4La3Sn13,2.425,Other,P m -3 n,m-3m,NM,CANDIDATE,mp-672373
Co4Sc5Si10,4.81,Other,P 4/m b m,4/mmm,NM,EXCLUDED,mp-542493
Co4Sn13Yb3,2.5,Heavy_fermion,P m -3 n,m-3m,NM,CANDIDATE,mp-1198658
Cr0.152Ti0.848,4.18,Other,F d -3 m,m-3m,NM,CANDIDATE,mp-1208307
Cr0.1Cu1Sr1.9Tl1O5,37.5,Cuprate,P 4/m m m,4/mmm,NM,EXCLUDED,mp-620290
Cr0.25Mo0.75,0.155,Other,R 3 m,3m,NM,CANDIDATE,mp-1226250
Cr0.25V0.75,1.36,Other,F m -3 m,m-3m,NM,CANDIDATE,mp-1187695
Cr0.28Ir0.72,0.83,Other,P m -3 m,m-3m,FiM,CANDIDATE,mp-12083
Cr0.2Fe0.8U6,3.3,Heavy_fermion,I 4/m c m,4/mmm,NM,EXCLUDED,mp-21108
Cr0.2Nb0.8,0.0,Other,P m -3 m,m-3m,FM,CANDIDATE,mp-999446
Cr0.476Mo0.524,0.045,Other,C m m m,mmm,NM,EXCLUDED,mp-1226200
Cr0.48V0.52,0.1,Other,C m m m,mmm,NM,EXCLUDED,mp-1216394
Cr0.5Rh0.5,0.0,Other,P -6 m 2,-62m,NM,CANDIDATE,mp-1226170
Cr0.5Ru0.5,1.3,Other,P -6 m 2,-62m,NM,CANDIDATE,mp-1226177
Cr0.72Ir0.28,0.83,Other,P m -3 n,m-3m,NM,CANDIDATE,mp-1609
Cr0.72Os0.28,3.906,Other,P m -3 n,m-3m,NM,CANDIDATE,mp-416
Cr0.72Ru0.28,3.468,Other,P m -3 n,m-3m,NM,CANDIDATE,mp-1272
Cr0.75Rh0.25,0.071,Other,P m -3 n,m-3m,FM,CANDIDATE,mp-958
Cr0.79Pt0.21,0.0,Other,P m -3 n,m-3m,FM,CANDIDATE,mp-446
Cr0.95Cu1Fe0.05O2,117.5,Cuprate,R -3 m,-3m,AFM,CANDIDATE,mp-510625
Cr1,1.55,Other,I m -3 m,m-3m,AFM,CANDIDATE,mp-90
Cr1Cu4Sr8Tl3O20,25.0,Cuprate,C m m m,mmm,FM,EXCLUDED,mp-559339
Cr1Ga4,0.0,Other,I m -3 m,m-3m,NM,CANDIDATE,mp-1070544
Cr1Ge1,0.0,Other,P 21 3,23,FM,EXCLUDED,mp-20861
Cr1N1,0.0,Other,P -6 m 2,-62m,FM,CANDIDATE,mp-1183691
Cr1P1,0.0,Other,P n m a,mmm,FM,EXCLUDED,mp-21048
Cr1Sb1,0.0,Other,P 63/m m c,6/mmm,FM,CANDIDATE,mp-1641
Cr1Sb2,0.0,Other,P n n m,mmm,FM,EXCLUDED,mp-22498
Cr1Si1,0.0,Other,P 21 3,23,FM,EXCLUDED,mp-7576
Cr1Si2,0.0,Other,I 4/m m m,4/mmm,NM,EXCLUDED,mp-8937
Cr2Ti1,0.0,Other,F d -3 m,m-3m,NM,CANDIDATE,mp-1425
Cr2Zr1,0.0,Other,F d -3 m,m-3m,NM,CANDIDATE,mp-903
Cr3Ga1,0.0,Other,P m -3 n,m-3m,NM,CANDIDATE,mp-1231
Cr3Ge1,0.0,Other,P m -3 n,m-3m,NM,CANDIDATE,mp-20685
Cr3O1,0.0,Oxide,R -3 c,-3m,FM,CANDIDATE,mp-714896
Cr3P1,0.0,Other,I -4,-4,NM,EXCLUDED,mp-7806
Cr3Si1,0.0,Other,P m -3 n,m-3m,NM,CANDIDATE,mp-729
Cs0.19W1O3,6.7,Oxide,P 6/m m m,6/mmm,FM,CANDIDATE,mp-753119
Cs1I1,2.0,Other,F m -3 m,m-3m,NM,CANDIDATE,mp-614603
Cs1Os2O6,3.27,Oxide,F d -3 m,m-3m,NM,CANDIDATE,mp-559998
Cs2Mo6Se6,0.0,Chevrel,P 63/m,6/m,NM,CANDIDATE,mp-1104663
Cu0.03Ru0.97Sr2Y1O6,0.0,Cuprate,P 1 21/c 1,2/m,FM,EXCLUDED,mp-14430
Cu0.09Li1Ti1.91O4,14.4,Cuprate,F d -3 m,m-3m,NM,CANDIDATE,mp-5670
Cu0.1Ho1Ru0.9Sr2O6,30.0,Cuprate,P 1 21/c 1,2/m,FM,EXCLUDED,mp-6676
Cu0.1Se2Zn0.9,0.0,Other,P a -3,m-3,NM,CANDIDATE,mp-1102515
Cu0.2Fe0.8La1.05Sr0.95O4,0.0,Cuprate,I 4 m m,4mm,FM,EXCLUDED,mp-1218154
Cu0.2S2Zn0.8,0.0,Other,P a -3,m-3,NM,CANDIDATE,mp-1102743
Cu0.5La2Li0.5O4,0.0,Cuprate,C m m m,mmm,NM,EXCLUDED,mp-21496
Cu0.67Zn0.33,0.0,Other,P -3 m 1,-3m,NM,CANDIDATE,mp-1215401
Cu0.75Ir2S4Zn0.25,3.3,Other,F d -3 m,m-3m,NM,CANDIDATE,mp-15065
Cu0.786Sb0.214,0.047,Other,P m -3 m,m-3m,NM,CANDIDATE,mp-1183969
Cu0.815Ge0.185,0.175,Other,P 63/m m c,6/mmm,NM,CANDIDATE,mp-1184021
Cu0.81Ga0.19,0.048,Other,P m -3 m,m-3m,NM,CANDIDATE,mp-1183995
Cu0.8Sn0.2,0.0,Other,P 63/m m c,6/mmm,NM,CANDIDATE,mp-13138
Cu1,0.0,Other,P 63/m m c,6/mmm,NM,CANDIDATE,mp-989695
Cu1.8S1,0.0,Other,P 43 21 2,422,NM,EXCLUDED,mp-618991
Cu1Dy0.75La1.25O4,0.0,Cuprate,P 4 m m,4mm,NM,EXCLUDED,mp-1223395
Cu1Er2O4,0.0,Cuprate,C m c a,mmm,NM,EXCLUDED,mp-753901
Cu1Ga2,0.0,Other,P 4/m m m,4/mmm,NM,EXCLUDED,mp-11359
Cu1Gd0.1Sr0.9O2,43.5,Cuprate,C m c m,mmm,NM,EXCLUDED,mp-5787
Cu1Ho2O4,0.0,Cuprate,C m c a,mmm,NM,EXCLUDED,mp-754263
Cu1La0.12Sr0.88O1.97,42.4,Cuprate,P 4/m m m,4/mmm,NM,EXCLUDED,mp-37514
Cu1La1,6.0,Other,P n m a,mmm,NM,EXCLUDED,mp-1078920
Cu1La1.5Sr0.5O4,0.0,Cuprate,A m m 2,mm2,NM,EXCLUDED,mp-1218244
Cu1La1O2.54,0.0,Cuprate,R -3 c,-3m,NM,CANDIDATE,mp-3474
Cu1La1Sb2,0.9,Other,P 4/n m m,4/mmm,NM,EXCLUDED,mp-1079103
Cu1Mg1Sb1,0.0,Other,F -4 3 m,-43m,NM,CANDIDATE,mp-3522
Cu1Mo6Se8,5.9,Chevrel,R -3,-3,NM,CANDIDATE,mp-1104894
Cu1Nd2O3.5,0.0,Cuprate,C 1 2/m 1,2/m,NM,EXCLUDED,mp-556595
Cu1O1,0.0,Oxide,P 42/m m c,4/mmm,NM,EXCLUDED,mp-1692
Cu1Rh1.78Se4Sn0.22,1.92,Other,F d -3 m,m-3m,NM,CANDIDATE,mp-15614
Cu1S1,1.585,Other,C m c m,mmm,NM,EXCLUDED,mp-555599
Cu1S1Se1,1.625,Other,P 21 3,23,NM,EXCLUDED,mp-1225747
Cu1S4Ti2,0.0,Other,F d -3 m,m-3m,FM,CANDIDATE,mp-3951
Cu1S4V2,4.45,Other,F d -3 m,m-3m,FiM,CANDIDATE,mp-5178
Cu1Se1,0.0,Other,C m c m,mmm,NM,EXCLUDED,mp-571486
Cu1Se1Te1,1.7000000000000002,Other,P 21 3,23,NM,EXCLUDED,mp-1225744
Cu1Sr1O2.97,0.0,Cuprate,P b a m,mmm,NM,EXCLUDED,mp-21129
Cu1Sr2O3,0.0,Cuprate,I m m m,mmm,NM,EXCLUDED,mp-5456
Cu1Te1,0.0,Other,P m m n,mmm,NM,EXCLUDED,mp-20826
Cu1Te2,1.3,Other,P -3 m 1,-3m,NM,CANDIDATE,mp-1207193
Cu1Th2,3.465,Other,I 4/m c m,4/mmm,NM,EXCLUDED,mp-1034
Cu1Ti1,0.0,Other,P 4/n m m,4/mmm,NM,EXCLUDED,mp-2078
Cu1Y1,0.235,Other,P n m a,mmm,NM,EXCLUDED,mp-1080443
Cu1Zn1,0.0,Other,P m -3 m,m-3m,NM,CANDIDATE,mp-987
Cu1Zn3,0.0,Other,P 63/m m c,6/mmm,NM,CANDIDATE,mp-972042
Cu2Er2O5,0.0,Cuprate,P n a 21,mm2,FM,EXCLUDED,mp-21160
Cu2Eu1Nb1Sr2O8,0.0,Cuprate,I 4/m c m,4/mmm,FM,EXCLUDED,mp-16786
Cu2Fe1Sr2Y1O7.32,0.0,Cuprate,I m a 2,mm2,FM,EXCLUDED,mvc-771
Cu2Ge2Yb1,0.0,Heavy_fermion,I 4/m m m,4/mmm,NM,EXCLUDED,mp-13401
Cu2Ho1Ru1Sr2O8,0.0,Cuprate,A m m 2,mm2,NM,EXCLUDED,mp-1218811
Cu2Ho2O5,0.0,Cuprate,P n a 21,mm2,FM,EXCLUDED,mp-5029
Cu2In1Ti1,0.0,Other,F m -3 m,m-3m,NM,CANDIDATE,mp-22725
Cu2La1Si2,0.0,Other,I 4/m m m,4/mmm,NM,EXCLUDED,mp-3995
Cu2La2Sr1O6,0.0,Cuprate,I 4/m m m,4/mmm,NM,EXCLUDED,mp-1218240
Cu2Li1P2,1.85,Other,I 4/m m m,4/mmm,NM,EXCLUDED,mp-7298
Cu2Mg1,0.0,Other,F d -3 m,m-3m,NM,CANDIDATE,mp-1038
Cu2Nb1Sm1Sr2O8,0.0,Cuprate,I 4/m c m,4/mmm,NM,EXCLUDED,mp-18490
Cu2O1,0.0,Oxide,P n -3 m,m-3m,NM,CANDIDATE,mp-361
Cu2S2Sr2Zn1O2,0.0,Cuprate,I 4/m m m,4/mmm,NM,EXCLUDED,mp-9453
Cu2Sb1,0.085,Other,P 4/n m m,4/mmm,NM,EXCLUDED,mp-1825
Cu2Sn1Ti1,0.0,Other,F m -3 m,m-3m,NM,CANDIDATE,mp-1206917
Cu2Tm2O5,0.0,Cuprate,P n a 21,mm2,FM,EXCLUDED,mp-3120
Cu2Yb2O5,0.0,Cuprate,P n a 21,mm2,NM,EXCLUDED,mp-20205
Cu30Sn70,4.91,Other,P 63/m m c,6/mmm,NM,CANDIDATE,mp-1184173
Cu3Dy1Pb2Sr2O8,76.5,Cuprate,P 4/m m m,4/mmm,NM,EXCLUDED,mp-22301
Cu3N1,0.0,Other,P m -3 m,m-3m,NM,CANDIDATE,mp-1933
Cu3Pb2Pr1Sr2O8,0.0,Cuprate,P -1,-1,NM,EXCLUDED,mp-1218727
Cu3Pb2Sm1Sr2O8,0.0,Cuprate,P 4/m m m,4/mmm,NM,EXCLUDED,mp-20437
Cu3Sb1,0.9205,Other,P m m n,mmm,NM,EXCLUDED,mp-20900
Cu3Si1,0.0,Other,P 63/m m c,6/mmm,NM,CANDIDATE,mp-867317
Cu40Zr60,1.173333333,Other,I 4/m m m,4/mmm,NM,EXCLUDED,mp-193
Cu4K1S3,1.4,Other,P 4/m m m,4/mmm,NM,EXCLUDED,mp-27677
Cu50Sn50,3.26,Other,P 63/m m c,6/mmm,NM,CANDIDATE,mp-10598
Cu50Zr50,0.543333333,Other,C 1 m 1,m,NM,EXCLUDED,mp-1080022
Cu5U1,0.0,Heavy_fermion,F -4 3 m,-43m,FM,CANDIDATE,mp-510148
Cu6La1,0.021,Other,P 6/m m m,6/mmm,NM,CANDIDATE,mp-2613
Cu6Sr4O10,0.0,Cuprate,C m m m,mmm,NM,EXCLUDED,mp-552089
Cu6Th1,0.2,Other,P n m a,mmm,NM,EXCLUDED,mp-12834
Cu8La2Sr6O16,0.0,Cuprate,P m c 21,mm2,NM,EXCLUDED,mp-1218623
Dy0.06Fe3Lu1.94Si5,4.52,Other,P 4/m n c,4/mmm,NM,EXCLUDED,mp-541557
Dy0.15Pd2Sn1Y0.85,2.8,Other,F m -3 m,m-3m,NM,CANDIDATE,mp-5538
Dy0.1Fe3Si5Y1.9,2.75,Other,P 4/m n c,4/mmm,NM,EXCLUDED,mp-1197725
Dy1Fe2Ge2,0.0,Other,I 4/m m m,4/mmm,FM,EXCLUDED,mp-21426
Dy1Ga6,2.95,Other,P 4/n b m,4/mmm,NM,EXCLUDED,mp-1104534
Dy1Ir1Si1,0.0,Other,P n m a,mmm,NM,EXCLUDED,mp-20281
Dy1Mo6S8,1.6,Chevrel,R -3,-3,NM,CANDIDATE,mp-1103518
Dy1P2Pd2,0.0,Other,I 4/m m m,4/mmm,NM,EXCLUDED,mp-1207097
Dy1Pb1Pd2,0.0,Other,F m -3 m,m-3m,NM,CANDIDATE,mp-1206592
Dy1Pd2Sn1,0.0,Other,F m -3 m,m-3m,NM,CANDIDATE,mp-21014
Dy1Rh1Si1,0.0,Other,P n m a,mmm,NM,EXCLUDED,mp-1212831
Dy2Fe3Si5,0.0,Other,P 4/m n c,4/mmm,NM,EXCLUDED,mp-669393
Dy2Rh3Si5,0.0,Other,C 1 2/c 1,2/m,NM,EXCLUDED,mp-1188825
Dy2Rh3Sn5,0.0,Other,C m c 21,mm2,NM,EXCLUDED,mp-1106269
Dy3Ge13Ru4,0.0,Other,P m -3 n,m-3m,NM,CANDIDATE,mp-1197267
Dy5Ir4Si10,0.0,Other,P 4/m b m,4/mmm,NM,EXCLUDED,mp-1198889
Er0.4Pd2Sn1Y0.6,3.215,Other,R -3 m,-3m,NM,CANDIDATE,mp-1215927
Er0.8Pd2Sn1Y0.2,2.08,Other,F m -3 m,m-3m,NM,CANDIDATE,mp-5850
Er1,0.0,Other,R -3 m,-3m,NM,CANDIDATE,mp-1184115
Er1Fe2Ge2,0.0,Other,I 4/m m m,4/mmm,FM,EXCLUDED,mp-5451
Er1Ga6,0.0,Other,P 4/n b m,4/mmm,NM,EXCLUDED,mp-1103883
Er1Ir1Si1,0.0,Other,P n m a,mmm,NM,EXCLUDED,mp-20733
Er1Pb1Pd2,0.0,Other,F m -3 m,m-3m,NM,CANDIDATE,mp-1206593
Er1Re2,0.0,Other,P 63/m m c,6/mmm,NM,CANDIDATE,mp-1102143
Er1Rh1.1Sn3.6,1.36,Other,F -4 3 m,-43m,NM,CANDIDATE,mp-1225985
Er1Rh1Si1,0.0,Other,P n m a,mmm,NM,EXCLUDED,mp-22114
Er1Ru2,0.0,Other,P 63/m m c,6/mmm,NM,CANDIDATE,mp-569220
Er2Fe3Si5,0.465,Other,P 4/m n c,4/mmm,NM,EXCLUDED,mp-680269
Er2Rh3Si5,0.0,Other,I b a m,mmm,NM,EXCLUDED,mp-1212876
Er3Ge13Ru4,0.0,Other,P m -3 n,m-3m,NM,CANDIDATE,mp-1198321
Er3Ni1,0.0,Other,P n m a,mmm,NM,EXCLUDED,mp-1105907
Er5Ir4Si10,0.0,Other,P 4/m b m,4/mmm,NM,EXCLUDED,mp-1195957
Eu1,1.375,Other,C m c m,mmm,FM,EXCLUDED,mp-1057315
Eu1Ga1Ge1,0.0,Other,P 63/m m c,6/mmm,FM,CANDIDATE,mp-1101845
Eu1Ga1Si1,0.0,Other,P -6 m 2,-62m,FM,CANDIDATE,mp-1225124
Eu1Ga1Sn1,0.0,Other,P 63/m m c,6/mmm,FM,CANDIDATE,mp-1102160
Eu1P2Pd2,0.0,Other,I 4/m m m,4/mmm,FM,EXCLUDED,mp-581754
Eu1Ru4Sb12,0.0,Other,I m -3,m-3,FiM,CANDIDATE,mp-20855
F0.1Fe1P1Pr1O0.9,2.34,Ferrite,P 4/n m m,4/mmm,FM,EXCLUDED,mp-22034
F2Sb2Sr2Ti2O1,0.0,Oxide,I 4/m m m,4/mmm,NM,EXCLUDED,mp-1079717
Fe0.05S2Ta1,3.0,Ferrite,P 63/m m c,6/mmm,NM,CANDIDATE,mp-554416
Fe0.15Hf1V1.85,7.04,Other,I 41/a m d,4/mmm,NM,EXCLUDED,mp-1077017
Fe0.15V1.85Zr1,6.41,Other,F d -3 m,m-3m,NM,CANDIDATE,mp-258
Fe0.25Ni0.75U6,3.0,Heavy_fermion,I 4 2 2,422,NM,EXCLUDED,mp-1216984
Fe0.33Ni0.67Zr2,2.13,Other,I 4 2 2,422,FM,EXCLUDED,mp-1215366
Fe0.3V1.7Zr1,4.49,Other,R -3 m,-3m,FM,CANDIDATE,mp-1215479
Fe0.5Ru0.5,0.0,Other,P -6 m 2,-62m,NM,CANDIDATE,mp-1224803
Fe0.98Mn0.02Se0.5Te0.5,14.4,Ferrite,P 4 m m,4mm,FM,EXCLUDED,mp-1225136
Fe0.98Se0.15Te0.9,8.8,Ferrite,I 4 m m,4mm,FM,EXCLUDED,mp-1224987
Fe1,1.0,Other,I 4/m m m,4/mmm,FM,EXCLUDED,mp-1271562
Fe1.5K1S2,0.0,Ferrite,I 4/m m m,4/mmm,NM,EXCLUDED,mp-1070151
Fe1.7Se2Tl1,22.4,Ferrite,I 4/m m m,4/mmm,FM,EXCLUDED,mp-3021
Fe1Ge2,0.0,Other,I 4/m c m,4/mmm,FM,EXCLUDED,mp-21117
Fe1Hf2,0.0,Other,F d -3 m,m-3m,FM,CANDIDATE,mp-2754
Fe1Li1P1,4.965,Ferrite,P 4/n m m,4/mmm,NM,EXCLUDED,mp-20049
Fe1Nb4Si1,6.8,Other,P 4/m c c,4/mmm,NM,EXCLUDED,mp-22312
Fe1P1,0.0,Ferrite,P n m a,mmm,FM,EXCLUDED,mp-1005
Fe1P1Sm1O1,2.5,Ferrite,P 4/n m m,4/mmm,FM,EXCLUDED,mp-505259
Fe1P1Zr1,0.0,Ferrite,P n m a,mmm,NM,EXCLUDED,mp-20892
Fe1S0.12Te0.88,6.8,Ferrite,P 4/n m m,4/mmm,FM,EXCLUDED,mp-21273
Fe1S0.25Te0.75,7.28,Ferrite,P 4 m m,4mm,FM,EXCLUDED,mp-1225166
Fe1S0.4Se0.6,3.73,Ferrite,P -6 m 2,-62m,FM,CANDIDATE,mp-1225163
Fe1S1,0.0,Ferrite,P 4/n m m,4/mmm,NM,EXCLUDED,mp-505531
Fe1Sb1,0.0,Ferrite,P 63/m m c,6/mmm,FM,CANDIDATE,mp-2619
Fe1Sb2,0.0,Ferrite,P n n m,mmm,FM,EXCLUDED,mp-20714
Fe1Sb3,0.0,Ferrite,I m -3,m-3,FM,CANDIDATE,mp-971669
Fe1Se0.75Te0.25,13.3,Ferrite,A m m 2,mm2,FM,EXCLUDED,mp-1225054
Fe1Si1,0.0,Other,P 21 3,23,NM,EXCLUDED,mp-871
Fe1Sn2,0.0,Other,I 4/m c m,4/mmm,FM,EXCLUDED,mp-22752
Fe1Ti1,0.0,Other,P m -3 m,m-3m,NM,CANDIDATE,mp-305
Fe1Zr2,0.17,Other,I 4/m c m,4/mmm,NM,EXCLUDED,mp-1159
Fe22U78,0.98,Heavy_fermion,F d -3 m,m-3m,FiM,CANDIDATE,mp-1208119
Fe2Ge2Ho1,0.0,Other,I 4/m m m,4/mmm,FM,EXCLUDED,mp-3065
Fe2Ge2Nd1,0.0,Other,I 4/m m m,4/mmm,FM,EXCLUDED,mp-20785
Fe2Ge2Pr1,0.0,Heavy_fermion,I 4/m m m,4/mmm,FM,EXCLUDED,mp-21221
Fe2Ge2Sm1,0.0,Other,I 4/m m m,4/mmm,FM,EXCLUDED,mp-22349
Fe2Ge2Tb1,0.0,Other,I 4/m m m,4/mmm,FM,EXCLUDED,mp-20264
Fe2Ge2Tm1,0.0,Other,I 4/m m m,4/mmm,FM,EXCLUDED,mp-4660
Fe2Ge2Y1,0.99,Other,I 4/m m m,4/mmm,FM,EXCLUDED,mp-21113
Fe2Hf1,0.0,Other,F d -3 m,m-3m,FiM,CANDIDATE,mp-333
Fe2K0.8Se2,31.36428571,Ferrite,I 4/m,4/m,FM,EXCLUDED,mp-1224406
Fe2P1,0.0,Ferrite,I m m 2,mm2,FM,EXCLUDED,mp-1189340
Fe2P2Sc2Sr4O6,15.25,Ferrite,P 4/n m m,4/mmm,FM,EXCLUDED,mp-1189114
Fe2Si2Y1,2.9,Other,I 4/m m m,4/mmm,NM,EXCLUDED,mp-5288
Fe2Te3,0.0,Ferrite,P n n m,mmm,NM,EXCLUDED,mp-19880
Fe2Ti1,0.0,Other,P 63/m m c,6/mmm,FiM,CANDIDATE,mp-2454
Fe2U1,0.0,Heavy_fermion,F d -3 m,m-3m,FiM,CANDIDATE,mp-21050
Fe2Zr1,0.0,Other,F d -3 m,m-3m,FiM,CANDIDATE,mp-1718
Fe3Ho2Si5,0.0,Other,P 4/m n c,4/mmm,NM,EXCLUDED,mp-1200585
Fe3Sc2Si5,4.57,Other,P 4/m n c,4/mmm,NM,EXCLUDED,mp-21588
Fe3Si5Sm2,0.0,Other,P 4/m n c,4/mmm,NM,EXCLUDED,mp-1200246
Fe3Si5Tb2,0.0,Other,P 4/m n c,4/mmm,NM,EXCLUDED,mp-22468
Fe3Si5Tm2,1.3825,Other,P 4/m n c,4/mmm,NM,EXCLUDED,mp-1196684
Fe3Si5Yb2,0.0,Heavy_fermion,P 4/m n c,4/mmm,FM,EXCLUDED,mp-1198337
Fe3Te3Tl1,0.0,Ferrite,P 63/m,6/m,FM,CANDIDATE,mp-3708
Fe3Th7,2.016666667,Other,P 63 m c,6mm,NM,CANDIDATE,mp-18014
Fe4La1P12,3.075,Ferrite,I m -3,m-3,NM,CANDIDATE,mp-582295
Fe4Nd1P12,0.0,Ferrite,I m -3,m-3,NM,CANDIDATE,mp-16431
Fe4P12Pr1,0.0,Ferrite,I m -3,m-3,NM,CANDIDATE,mp-16430
Fe4P12Sm1,0.0,Ferrite,I m -3,m-3,NM,CANDIDATE,mp-1105927
Fe4P12Tb1,0.0,Ferrite,I m -3,m-3,NM,CANDIDATE,mp-21041
Fe4P12Yb1,0.0,Ferrite,I m -3,m-3,NM,CANDIDATE,mp-12956
Ga0.05Nb1Se2,5.6,Other,F -4 3 m,-43m,NM,CANDIDATE,mp-15208
Ga0.1Sn0.9V3,3.8,Other,P m -3 n,m-3m,FM,CANDIDATE,mp-21342
Ga0.32Si0.68V3,9.4,Other,P m -3,m-3,FM,CANDIDATE,mp-1216440
Ga0.35Nb3Sn0.65,16.5,Other,P m -3,m-3,NM,CANDIDATE,mp-1220342
Ga0.45V0.55,0.0,Other,P -6 m 2,-62m,NM,CANDIDATE,mp-1216325
Ga0.4Nb0.6,20.3,Other,P 4/m b m,4/mmm,NM,EXCLUDED,mp-11393
Ga0.5Ge0.5Nb3,7.3,Other,P m -3,m-3,NM,CANDIDATE,mp-1220381
Ga0.5Sn0.5V3,5.6,Other,P m -3,m-3,FM,CANDIDATE,mp-1216451
Ga0.8Si1.2Sr1,4.24,Other,P -6 m 2,-62m,NM,CANDIDATE,mp-1218262
Ga1,5.527454545,Other,C m c a,mmm,NM,EXCLUDED,mp-142
Ga1Ge1Sr1,1.3,Other,P 63/m m c,6/mmm,NM,CANDIDATE,mp-1102705
Ga1Hf1Ni2,1.12,Other,F m -3 m,m-3m,NM,CANDIDATE,mp-3498
Ga1Hf2,0.21,Other,I 4/m c m,4/mmm,NM,EXCLUDED,mp-30572
Ga1La1,0.0,Other,C m c m,mmm,NM,EXCLUDED,mp-1002133
Ga1La3,5.82,Other,P m -3 m,m-3m,NM,CANDIDATE,mp-20487
Ga1Lu3,0.0,Other,P 63/m m c,6/mmm,NM,CANDIDATE,mp-973300
Ga1Mo1Ti2,0.0,Other,I m m m,mmm,FiM,EXCLUDED,mp-1097177
Ga1Mo3,0.76,Other,P m -3 n,m-3m,NM,CANDIDATE,mp-2377
Ga1N1,2.925,Other,P 63 m c,6mm,NM,CANDIDATE,mp-804
Ga1Nb0.15Ni2Zr0.85,2.4,Other,F m -3 m,m-3m,NM,CANDIDATE,mp-22580
Ga1Nb0.7Ni2Zr0.3,0.0,Other,F m -3 m,m-3m,NM,CANDIDATE,mp-3539
Ga1P1,8.25,Other,F -4 3 m,-43m,NM,CANDIDATE,mp-2490
Ga1Pt1,1.74,Other,P 21 3,23,NM,EXCLUDED,mp-1025551
Ga1Sb1,4.78,Other,F -4 3 m,-43m,NM,CANDIDATE,mp-1156
Ga1Sc3,0.0,Other,P 63/m m c,6/mmm,FM,CANDIDATE,mp-1186968
Ga1Se8Ta4,5.8,Other,F -4 3 m,-43m,NM,CANDIDATE,mp-3663
Ga1Sn1Sr1,0.0,Other,P 63/m m c,6/mmm,NM,CANDIDATE,mp-8914
Ga1Th2,0.0,Other,I 4/m c m,4/mmm,NM,EXCLUDED,mp-568411
Ga1Ti3,0.0,Other,P 63/m m c,6/mmm,NM,CANDIDATE,mp-30672
Ga1V1.95,5.3,Other,P 63/m c m,6/mmm,FM,CANDIDATE,mp-1190304
Ga1Y1,0.0,Other,C m c m,mmm,NM,EXCLUDED,mp-11420
Ga1Y3,0.0,Other,P m -3 m,m-3m,FM,CANDIDATE,mp-1187766
Ga1Zr2,0.38,Other,I 4/m c m,4/mmm,NM,EXCLUDED,mp-569833
Ga2La1,0.575,Other,P 6/m m m,6/mmm,NM,CANDIDATE,mp-19839
Ga2La1Ni1,1.97,Other,C m m m,mmm,NM,EXCLUDED,mp-1079217
Ga2Pt1,1.9,Other,F m -3 m,m-3m,NM,CANDIDATE,mp-22095
Ga2Sr1,0.0,Other,P 6/m m m,6/mmm,NM,CANDIDATE,mp-182
Ga2Ta3,0.0,Other,P 4/m b m,4/mmm,NM,EXCLUDED,mp-16756
Ga2Y1,1.68,Other,P 6/m m m,6/mmm,NM,CANDIDATE,mp-1914
Ga2Zr3,0.0,Other,P 4/m b m,4/mmm,NM,EXCLUDED,mp-30684
Ga3Lu1,2.25,Other,P m -3 m,m-3m,NM,CANDIDATE,mp-495
Ga3Sc1,2.1,Other,P m -3 m,m-3m,NM,CANDIDATE,mp-932
Ga3Ti1,0.0,Other,I 4/m m m,4/mmm,NM,EXCLUDED,mp-2731
Ga3U1,0.0,Heavy_fermion,P m -3 m,m-3m,FM,CANDIDATE,mp-20214
Ga3Zr1,0.69,Other,I 4/m m m,4/mmm,NM,EXCLUDED,mp-1080001
Ga41Mo8,9.7,Other,R -3,-3,NM,CANDIDATE,mp-1195805
Ga5Mn1.85,0.0,Other,P 4/m b m,4/mmm,FM,EXCLUDED,mp-607225
Ga5Rh1U1,0.0,Heavy_fermion,P 4/m m m,4/mmm,NM,EXCLUDED,mp-1078033
Ga5V2,3.57,Other,P 4/m b m,4/mmm,NM,EXCLUDED,mp-20405
Ga6Gd1,0.0,Other,P 4/n b m,4/mmm,AFM,EXCLUDED,mp-1104838
Ga6Ho1,0.0,Other,P 4/n b m,4/mmm,NM,EXCLUDED,mp-1103872
Ga6La1,0.0,Other,P 4/n b m,4/mmm,NM,EXCLUDED,mp-644739
Ga6Nd1,0.0,Other,P 4/n b m,4/mmm,NM,EXCLUDED,mp-1104008
Ga6Pr1,0.0,Heavy_fermion,P 4/n b m,4/mmm,NM,EXCLUDED,mp-1104070
Ga6Sm1,0.0,Other,P 4/n b m,4/mmm,NM,EXCLUDED,mp-1104451
Ga6Tb1,2.5,Other,P 4/n b m,4/mmm,NM,EXCLUDED,mp-1104458
Ga6Y1,2.0,Other,P 4/n b m,4/mmm,NM,EXCLUDED,mp-30681
Ga6Yb1,0.0,Heavy_fermion,P 4/n b m,4/mmm,NM,EXCLUDED,mp-1104639
Ga7Pt3,2.9,Other,I m -3 m,m-3m,NM,CANDIDATE,mp-1188512
Ga9Ir2,2.225,Other,P 1 c 1,m,NM,EXCLUDED,mp-31311
Ga9Rh2,1.925,Other,P 1 c 1,m,NM,EXCLUDED,mp-31312
Gd0.04Ru2Y0.96,3.5,Other,P 63/m m c,6/mmm,NM,CANDIDATE,mp-568186
Gd1Pt2,0.0,Other,F d -3 m,m-3m,FM,CANDIDATE,mp-1422
Gd1Re2,0.0,Other,P 63/m m c,6/mmm,FM,CANDIDATE,mp-1102209
Gd1Ru2,0.0,Other,F d -3 m,m-3m,FiM,CANDIDATE,mp-646926
Gd1Sn3,0.0,Other,P m -3 m,m-3m,FM,CANDIDATE,mp-19919
Ge0.18Nb0.82,5.7925,Other,P m -3 n,m-3m,NM,CANDIDATE,mp-1373
Ge0.21V0.79,6.4,Other,P m -3 n,m-3m,FM,CANDIDATE,mp-1221
Ge0.23Mo0.77,2.16,Other,P m -3 n,m-3m,NM,CANDIDATE,mp-494
Ge0.35Nb3Sn0.65,16.1,Other,P m -3,m-3,NM,CANDIDATE,mp-1220377
Ge0.3In0.7,0.0,Other,P 63/m m c,6/mmm,NM,CANDIDATE,mp-1184915
Ge0.3Sb0.7,3.3,Other,P 63/m m c,6/mmm,NM,CANDIDATE,mp-1184683
Ge0.3Sn0.7,0.0,Other,P m -3 m,m-3m,NM,CANDIDATE,mp-1187023
Ge0.3Tl0.7,0.0,Other,P 63/m m c,6/mmm,NM,CANDIDATE,mp-981310
Ge0.4Si0.6V3,8.7,Other,P m -3,m-3,FM,CANDIDATE,mp-1216453
Ge0.5La1Ni2P1.5,0.0,Ferrite,P 4 m m,4mm,NM,EXCLUDED,mp-1223427
Ge0.5Pt0.5,0.8999999999999999,Other,P n m a,mmm,NM,EXCLUDED,mp-542640
Ge0.5Rh0.5,0.24,Other,P n m a,mmm,NM,EXCLUDED,mp-22239
Ge0.5Ru0.5,0.0,Other,P 21 3,23,NM,EXCLUDED,mp-1025397
Ge0.937Te1,0.311,Other,R 3 m,3m,NM,CANDIDATE,mp-938
Ge1,3.9475,Other,F d -3 m,m-3m,NM,CANDIDATE,mp-32
Ge1.5La1Ni2P0.5,0.0,Other,P 4 m m,4mm,NM,EXCLUDED,mp-1223467
Ge1.62Y1,2.4,Other,I 41/a m d,4/mmm,NM,EXCLUDED,mp-10213
Ge1.78La1,1.57,Other,I 41/a m d,4/mmm,NM,EXCLUDED,mp-19761
Ge1.8La1Pt2Sn0.2,1.3,Other,I 4/m m m,4/mmm,NM,EXCLUDED,mp-21057
Ge1.92La1Pd2Sn0.08,1.44,Other,I 4/m m m,4/mmm,NM,EXCLUDED,mp-21033
Ge10Ir4Lu5,2.55,Other,P 4/m b m,4/mmm,NM,EXCLUDED,mp-1196530
Ge10Ir4Y5,2.76,Other,P 4/m b m,4/mmm,NM,EXCLUDED,mp-1196414
Ge10Lu5Rh4,2.79,Other,P 4/m b m,4/mmm,NM,EXCLUDED,mp-1197583
Ge10Os4Y5,8.946666667,Other,P 4/m b m,4/mmm,NM,EXCLUDED,mp-1195689
Ge10Rh4Y5,1.35,Other,P 4/m b m,4/mmm,NM,EXCLUDED,mp-1198948
Ge12La1Pt4,8.253333333,Other,I m -3,m-3,NM,CANDIDATE,mp-1188305
Ge12Nd1Pt4,0.7,Other,I m -3,m-3,NM,CANDIDATE,mp-975665
Ge12Pt4Th1,4.71,Other,I m -3,m-3,NM,CANDIDATE,mp-1208358
Ge12Pt4U1,0.0,Heavy_fermion,I m -3,m-3,FM,CANDIDATE,mp-1189358
Ge13Ho3Ru4,0.0,Other,P m -3 n,m-3m,NM,CANDIDATE,mp-1202131
Ge13Lu3Os4,3.6,Other,P m -3 n,m-3m,NM,CANDIDATE,mp-1203141
Ge13Lu3Rh4,2.3,Other,P m -3 n,m-3m,NM,CANDIDATE,mp-21750
Ge13Lu3Ru4,2.3,Other,P m -3 n,m-3m,NM,CANDIDATE,mp-1203006
Ge13Nd3Ru4,0.0,Other,P m -3 n,m-3m,NM,CANDIDATE,mp-1196347
Ge13Os4Y3,3.9,Other,P m -3 n,m-3m,NM,CANDIDATE,mp-1198205
Ge13Pr3Ru4,0.0,Heavy_fermion,P m -3 n,m-3m,NM,CANDIDATE,mp-1201264
Ge13Ru4Y3,2.116666667,Other,P m -3 n,m-3m,NM,CANDIDATE,mp-704462
Ge13Ru4Yb3,0.0,Heavy_fermion,P m -3 n,m-3m,NM,CANDIDATE,mp-1202771
Ge19Rh6Sc4,1.9,Other,I 2 3,23,NM,EXCLUDED,mp-1209440
Ge1Hf2,0.0,Other,I 4/m c m,4/mmm,NM,EXCLUDED,mp-9939
Ge1Ir1,4.7,Other,P n m a,mmm,NM,EXCLUDED,mp-208
Ge1La1Ni2P1,0.0,Ferrite,I 4 m m,4mm,NM,EXCLUDED,mp-1223012
Ge1La1Pt1,3.4,Other,I 41 m d,4mm,NM,EXCLUDED,mp-1077797
Ge1Nb2,1.9,Other,P 63/m c m,6/mmm,NM,CANDIDATE,mp-17910
Ge1P1,4.2,Other,C 1 2/m 1,2/m,NM,EXCLUDED,mp-1095275
Ge1Pd1,0.0,Other,P n m a,mmm,NM,EXCLUDED,mp-1424
Ge1Pd2,0.0,Other,P -6 2 m,-62m,NM,CANDIDATE,mp-423
Ge1Pd2Y1,0.0,Other,P n m a,mmm,NM,EXCLUDED,mp-1207627
Ge1Rh1U1,0.244,Heavy_fermion,P n m a,mmm,FM,EXCLUDED,mp-20321
Ge1Ru1Zr1,9.0,Other,I m a 2,mm2,NM,EXCLUDED,mp-637736
Ge1Sn1Tm1,0.0,Other,C m c m,mmm,NM,EXCLUDED,mp-1025129
Ge1Ta3,8.0,Other,P 42/n,4/m,NM,EXCLUDED,mp-639805
Ge1Th1,0.0,Other,F m -3 m,m-3m,NM,CANDIDATE,mp-1093
Ge1Th2,0.0,Other,P 4/m b m,4/mmm,NM,EXCLUDED,mp-314
Ge1V1Zr1,6.0,Other,I 4/m m m,4/mmm,NM,EXCLUDED,mp-10311
Ge1Y1,0.0,Other,C m c m,mmm,NM,EXCLUDED,mp-9971
Ge1Zr1,0.0,Other,P n m a,mmm,NM,EXCLUDED,mp-1025513
Ge2Hf1,2.2,Other,C m c m,mmm,NM,EXCLUDED,mp-13683
Ge2Ir2La1,1.5,Other,P 4/n m m,4/mmm,NM,EXCLUDED,mp-1095046
Ge2Ir2Th1,1.51,Other,P 4/n m m,4/mmm,NM,EXCLUDED,mp-1079959
Ge2Ir2U1,1.1,Heavy_fermion,P 4/n m m,4/mmm,FM,EXCLUDED,mp-1078742
Ge2La1Ni2,0.345,Other,I 4/m m m,4/mmm,NM,EXCLUDED,mp-19979
Ge2La1Pt2,0.48,Other,P 1 21/c 1,2/m,NM,EXCLUDED,mp-606511
Ge2La3Rh2,3.5,Other,P b c m,mmm,NM,EXCLUDED,mp-1211651
Ge2Lu1,2.6,Other,C m c m,mmm,NM,EXCLUDED,mp-973906
Ge2Mo1,1.5275,Other,P n m a,mmm,NM,EXCLUDED,mp-13688
Ge2Nb1,0.0,Other,P 62 2 2,622,NM,EXCLUDED,mp-363
Ge2Ni2Sr1,0.8825,Other,I 4/m m m,4/mmm,NM,EXCLUDED,mp-3207
Ge2Os2Th1,1.1,Other,I 4/m m m,4/mmm,NM,EXCLUDED,mp-571000
Ge2Pd2Th1,1.1,Other,I 4/m m m,4/mmm,NM,EXCLUDED,mp-4147
Ge2Pd2Yb1,1.17,Heavy_fermion,I 4/m m m,4/mmm,NM,EXCLUDED,mp-3296
Ge2Pt2Th1,1.1,Other,P 4/n m m,4/mmm,NM,EXCLUDED,mp-1078793
Ge2Re1,2.7,Other,C 1 2/m 1,2/m,NM,EXCLUDED,mp-1025067
Ge2Rh2Sr1,0.0,Other,I 4/m m m,4/mmm,NM,EXCLUDED,mp-10697
Ge2Rh2Th1,1.1,Other,I 4/m m m,4/mmm,NM,EXCLUDED,mp-3011
Ge2Rh2U1,1.1,Heavy_fermion,P 4/n m m,4/mmm,FM,EXCLUDED,mp-1079648
Ge2Rh5,2.12,Other,P n m a,mmm,NM,EXCLUDED,mp-22585
Ge2Ru2Th1,1.1,Other,I 4/m m m,4/mmm,NM,EXCLUDED,mp-672310
Ge2Sc1,1.3,Other,C m c m,mmm,NM,EXCLUDED,mp-10212
Ge2Ta1,1.15,Other,P 62 2 2,622,NM,EXCLUDED,mp-7558
Ge2Ti1,0.0,Other,F d d d,mmm,NM,EXCLUDED,mp-567889
Ge2U1,0.55,Heavy_fermion,C m m m,mmm,FM,EXCLUDED,mp-1237
Ge2V1,0.0,Other,P 62 2 2,622,FM,EXCLUDED,mp-1084800
Ge3Mo5,1.65,Other,I 4/m c m,4/mmm,NM,EXCLUDED,mp-17094
Ge3N4,0.0,Other,P 3 1 c,3m,NM,CANDIDATE,mp-672289
Ge3Nb5,0.303333333,Other,I 4/m c m,4/mmm,NM,EXCLUDED,mp-1188215
Ge3Nd2Pd1,0.0,Other,P m m 2,mm2,NM,EXCLUDED,mp-1220340
Ge3Ni1Y1,0.46,Other,C m m m,mmm,NM,EXCLUDED,mp-8467
Ge3Pd1Sr1,1.5,Other,I 4 m m,4mm,NM,EXCLUDED,mp-978987
Ge3Pt1Sr1,1.0,Other,I 4 m m,4mm,NM,EXCLUDED,mp-1068239
Ge3Rh5,2.12,Other,P b a m,mmm,NM,EXCLUDED,mp-624221
Ge3Ti5,0.0,Other,P 63/m c m,6/mmm,NM,CANDIDATE,mp-568151
Ge3U1,0.0,Heavy_fermion,P m -3 m,m-3m,NM,CANDIDATE,mp-2607
Ge3U5,0.99,Heavy_fermion,P 63/m c m,6/mmm,NM,CANDIDATE,mp-622345
Ge3Y1,2.35,Other,C m c m,mmm,NM,EXCLUDED,mp-29772
Ge3Zr5,0.0,Other,P 63/m c m,6/mmm,NM,CANDIDATE,mp-17706
Ge4La3Pd4,2.493333333,Other,I m m m,mmm,NM,EXCLUDED,mp-22729
Ge4Ru3Yb2,0.0,Heavy_fermion,C 1 2/c 1,2/m,NM,EXCLUDED,mp-642651
Ge5La1,7.0,Other,I m m m,mmm,NM,EXCLUDED,mp-1025100
Ge6Pt4Y3,2.6,Other,P 1 21/m 1,2/m,NM,EXCLUDED,mp-570801
Ge7Ir3,0.87,Other,I m -3 m,m-3m,NM,CANDIDATE,mp-505780
H0.32V0.68,0.0,Other,C 1 2/m 1,2/m,NM,EXCLUDED,mp-642644
H0.7Nb0.3,0.0,Other,F m -3 m,m-3m,NM,CANDIDATE,mp-24154
H0.81Pd1,1.855,Other,P 63 m c,6mm,NM,CANDIDATE,mp-1184548
H1.96La1,0.0,Other,F m -3 m,m-3m,NM,CANDIDATE,mp-24153
H15Th4,8.025,Other,I -4 3 d,-43m,NM,CANDIDATE,mp-24202
H2Th1,0.0,Other,I 4/m m m,4/mmm,NM,EXCLUDED,mp-24291
H2Ti1,0.0,Other,F m -3 m,m-3m,NM,CANDIDATE,mp-24161
H2Zr1,0.0,Other,I 4/m m m,4/mmm,NM,EXCLUDED,mp-24286
H3.63Th1,8.35,Other,I 4/m m m,4/mmm,NM,EXCLUDED,mp-861653
H4Si1,17.0,Other,P 1 21/c 1,2/m,NM,EXCLUDED,mp-23739
Hf0.13V2Zr0.87,9.45,Other,P 63/m m c,6/mmm,FM,CANDIDATE,mp-1103264
Hf0.25Zr0.75,6.62,Other,P 63/m m c,6/mmm,NM,CANDIDATE,mp-1184723
Hf0.33W0.67,0.0,Other,F d -3 m,m-3m,NM,CANDIDATE,mp-1400
Hf0.34Mo0.66,1.0,Other,F d -3 m,m-3m,NM,CANDIDATE,mp-2363
Hf0.3V2Zr0.7,9.9,Other,F -4 3 m,-43m,FM,CANDIDATE,mp-1224085
Hf0.52Ta0.48,6.61,Other,C m m m,mmm,NM,EXCLUDED,mp-1224292
Hf0.5Nb0.5,8.905,Other,C m m m,mmm,NM,EXCLUDED,mp-1224307
Hf0.65N1Nb0.35,6.05,Other,R -3 m,-3m,NM,CANDIDATE,mp-1224419
Hf0.78W0.22,2.77,Other,F d -3 m,m-3m,NM,CANDIDATE,mp-1212292
Hf0.87Mo0.13,2.6,Other,F d -3 m,m-3m,NM,CANDIDATE,mp-1212251
Hf0.9N1Nb0.1,5.47,Other,F m -3 m,m-3m,NM,CANDIDATE,mp-2828
Hf1,0.064,Other,P 63/m m c,6/mmm,NM,CANDIDATE,mp-103
Hf1In1Pd2,2.63,Other,F m -3 m,m-3m,NM,CANDIDATE,mp-864734
Hf1N1.118,0.0,Other,F d -3 m,m-3m,NM,CANDIDATE,mp-755988
Hf1Ni2Sn1,0.0,Other,F m -3 m,m-3m,NM,CANDIDATE,mp-4828
Hf1Os1,0.0,Other,P m -3 m,m-3m,NM,CANDIDATE,mp-11452
Hf1Os1P1,5.815,Other,P -6 2 m,-62m,NM,CANDIDATE,mp-1080463
Hf1Os1Si1,0.0,Other,I m a 2,mm2,NM,EXCLUDED,mp-1189249
Hf1Os2,2.27,Other,P 63/m m c,6/mmm,NM,CANDIDATE,mp-570960
Hf1P1Ru1,11.79666667,Other,P -6 2 m,-62m,NM,CANDIDATE,mp-15963
Hf1Re2,5.203333333,Other,P 63/m m c,6/mmm,NM,CANDIDATE,mp-1689
Hf1Rh1,0.865,Other,P m -3 m,m-3m,NM,CANDIDATE,mp-11457
Hf1Rh1Si1,1.15,Other,P n m a,mmm,NM,EXCLUDED,mp-13472
Hf1Rh3,0.0,Other,P m -3 m,m-3m,NM,CANDIDATE,mp-1027
Hf1Ru1,0.0,Other,P m -3 m,m-3m,NM,CANDIDATE,mp-2802
Hf1Ru1Si1,0.0,Other,I m a 2,mm2,NM,EXCLUDED,mp-1212161
Hf1Sb2,0.0,Other,P n n m,mmm,NM,EXCLUDED,mp-2180
Hf1Si2,0.0,Other,C m c m,mmm,NM,EXCLUDED,mp-1069
Hf1Tc2,5.6,Other,P 63/m m c,6/mmm,NM,CANDIDATE,mp-1095669
Hf1V2.3,9.2,Other,I m m a,mmm,NM,EXCLUDED,mp-1071274
Hf25Nb50Zr25,10.1,Other,C m m 2,mm2,NM,EXCLUDED,mp-1224216
Hf2Ir1,0.0,Other,P 63/m c m,6/mmm,NM,CANDIDATE,mp-1189573
Hf2Ni1,0.87,Other,I 4/m c m,4/mmm,NM,EXCLUDED,mp-861
Hf2Rh1,1.72,Other,F d -3 m,m-3m,NM,CANDIDATE,mp-1190626
Hf2Ru3Si4,0.0,Other,C 1 2/c 1,2/m,NM,EXCLUDED,mp-31022
Hf2Si1,0.0,Other,I 4/m c m,4/mmm,NM,EXCLUDED,mp-9938
Hf3Si2,0.0,Other,P 4/m b m,4/mmm,NM,EXCLUDED,mp-2105
Hf5Re24,4.3,Other,I -4 3 m,-43m,NM,CANDIDATE,mp-567490
Hg0.5In0.5,3.81,Other,R -3 m,-3m,NM,CANDIDATE,mp-20132
Hg0.698Tl0.302,3.888,Other,P m -3 m,m-3m,NM,CANDIDATE,mp-11474
Hg1,4.1366,Other,P 63/m m c,6/mmm,NM,CANDIDATE,mp-1184554
Hg1K1,0.0,Other,P -1,-1,NM,EXCLUDED,mp-11462
Hg1Li3,0.0,Other,F m -3 m,m-3m,NM,CANDIDATE,mp-1646
Hg1Mg1,0.935,Other,P m -3 m,m-3m,NM,CANDIDATE,mp-1408
Hg1Mg3,0.16,Other,P 63/m m c,6/mmm,NM,CANDIDATE,mp-1185784
Hg1Na1,0.0,Other,C m c m,mmm,NM,EXCLUDED,mp-255
Hg1Pb1.8,5.7,Other,C 1 2/m 1,2/m,NM,EXCLUDED,mp-1223969
Hg1S1,0.0,Other,F -4 3 m,-43m,NM,CANDIDATE,mp-1123
Hg1Zr3,0.0,Other,P m -3 n,m-3m,NM,CANDIDATE,mp-1630
Hg2K1,1.2,Other,I m m a,mmm,NM,EXCLUDED,mp-30717
Hg2Mg1,4.0,Other,C 1 2/m 1,2/m,NM,EXCLUDED,mp-1185878
Hg2Na1,1.62,Other,P 6/m m m,6/mmm,NM,CANDIDATE,mp-11466
Hg2Na3,0.0,Other,P 42/m n m,4/mmm,NM,EXCLUDED,mp-17974
Hg2Os2O7,0.0,Oxide,F d -3 m,m-3m,NM,CANDIDATE,mp-22089
Hg2Pt1,0.0,Other,P 4/m m m,4/mmm,NM,EXCLUDED,mp-11470
Hg3K1,3.18,Other,P 63/m m c,6/mmm,NM,CANDIDATE,mp-1185099
Hg3Li1,1.7,Other,P 63/m m c,6/mmm,NM,CANDIDATE,mp-1079267
Hg3Mg1,0.48,Other,P 63/m m c,6/mmm,NM,CANDIDATE,mp-1205873
Hg3Pt1,0.0,Other,I m -3 m,m-3m,NM,CANDIDATE,mp-936
Hg3Zr1,3.28,Other,P m -3 m,m-3m,NM,CANDIDATE,mp-1608
Hg4K1,3.27,Other,P -3 m 1,-3m,NM,CANDIDATE,mp-31473
Hg4Na1,3.05,Other,P 63/m m c,6/mmm,NM,CANDIDATE,mp-1186152
Hg5Mn2,0.0,Other,P 4/m b m,4/mmm,FM,EXCLUDED,mp-30720
Hg7K5,0.0,Other,P b c m,mmm,NM,EXCLUDED,mp-30718
Hg8K1,3.42,Other,P n m a,mmm,NM,EXCLUDED,mp-1193208
Ho1,0.0,Other,R -3 m,-3m,NM,CANDIDATE,mp-10659
Ho1Ir1Si1,0.0,Other,P n m a,mmm,NM,EXCLUDED,mp-22222
Ho1P2Pd2,0.0,Other,I 4/m m m,4/mmm,NM,EXCLUDED,mp-1207099
Ho1Pb1Pd2,0.0,Other,F m -3 m,m-3m,NM,CANDIDATE,mp-1206634
Ho1Pd2Sn1,0.0,Other,F m -3 m,m-3m,NM,CANDIDATE,mp-30731
Ho1Re2,0.0,Other,P 63/m m c,6/mmm,NM,CANDIDATE,mp-1102328
Ho1Rh1Si1,0.0,Other,P n m a,mmm,NM,EXCLUDED,mp-20675
Ho1Te3,0.0,Other,C m c m,mmm,NM,EXCLUDED,mp-1078508
Ho2Rh3Si5,0.0,Other,I b a m,mmm,NM,EXCLUDED,mp-1212337
Ho2Rh3Sn5,0.0,Other,C m c 21,mm2,NM,EXCLUDED,mp-1188971
Ho3Ni1,0.0,Other,P n m a,mmm,NM,EXCLUDED,mp-1189188
Ho5Ir4Si10,0.0,Other,P 4/m b m,4/mmm,NM,EXCLUDED,mp-1205124
I2,1.2,Other,C m c a,mmm,NM,EXCLUDED,mp-23153
I4Sn1,1.96,Other,P a -3,m-3,NM,CANDIDATE,mp-23182
In0.18Mg0.82,0.0,Other,P m -3 m,m-3m,NM,CANDIDATE,mp-569125
In0.25Sb0.75,4.1,Other,F m -3 m,m-3m,NM,CANDIDATE,mp-975512
In0.25Tl0.75,3.64,Other,C m m m,mmm,NM,EXCLUDED,mp-1216558
In0.2Sn0.8Te1,3.035,Other,P -3 m 1,-3m,NM,CANDIDATE,mp-1223682
In0.45Sn0.55Te1,4.46,Other,R -3 m,-3m,NM,CANDIDATE,mp-1223695
In0.45Tl0.55,2.48,Other,R -3 m,-3m,NM,CANDIDATE,mp-1216527
In0.5Pb0.5,5.0525,Other,R -3 m,-3m,NM,CANDIDATE,mp-1223654
In0.69Tl0.31,2.98,Other,P 63/m m c,6/mmm,NM,CANDIDATE,mp-1187827
In0.71S8V6,5.4,Chevrel,P 3,3,NM,EXCLUDED,mp-1216503
In0.75Pb0.25,5.65,Other,F m -3 m,m-3m,NM,CANDIDATE,mp-1184921
In0.75Sn0.25,5.725,Other,P m -3 m,m-3m,NM,CANDIDATE,mp-1184894
In0.75Tl0.25,0.0,Other,P 4/m m m,4/mmm,NM,EXCLUDED,mp-1216611
In0.82Mg0.18,3.67,Other,P m -3 m,m-3m,NM,CANDIDATE,mp-20566
In1,3.549542857,Other,R -3 m,-3m,NM,CANDIDATE,mp-1184502
In1.015Te1,3.51,Other,I 4/m c m,4/mmm,NM,EXCLUDED,mp-20320
In1.5La1Sn1.5,1.19,Other,P m m m,mmm,NM,EXCLUDED,mp-1225978
In1.5Pb1.5Y1,1.0,Other,P m m m,mmm,NM,EXCLUDED,mp-1216252
In1.5Sn1.5Th1,1.03,Other,P m m m,mmm,NM,EXCLUDED,mp-1217463
In1K2Mo15Se19,1.3,Chevrel,P 1 21/m 1,2/m,NM,EXCLUDED,mp-1226012
In1Mg2,3.2,Other,P -6 2 m,-62m,NM,CANDIDATE,mp-31326
In1Mo3Te3,0.0,Chevrel,P 63/m,6/m,NM,CANDIDATE,mp-22061
In1N1,1.975,Other,P 63 m c,6mm,NM,CANDIDATE,mp-22205
In1Nb3,4.9,Other,P m -3 n,m-3m,NM,CANDIDATE,mp-22060
In1Ni2Ti1,0.0,Other,F m -3 m,m-3m,NM,CANDIDATE,mp-22463
In1Pd1,0.7,Other,P m -3 m,m-3m,NM,CANDIDATE,mp-21215
In1Pd2Zr1,2.645,Other,F m -3 m,m-3m,NM,CANDIDATE,mp-977475
In1Pr3,0.0,Heavy_fermion,P m -3 m,m-3m,NM,CANDIDATE,mp-19764
In1Pt2Y1,0.0,Other,P 63/m m c,6/mmm,NM,CANDIDATE,mp-510441
In1Rh1,0.0,Other,P m -3 m,m-3m,NM,CANDIDATE,mp-899
In1Sb1,3.32,Other,F -4 3 m,-43m,NM,CANDIDATE,mp-20012
In1Sc2,0.0,Other,P 63/m m c,6/mmm,FM,CANDIDATE,mp-31348
In1Sc3,0.0,Other,P 63/m m c,6/mmm,FM,CANDIDATE,mp-19713
In1Th2,0.0,Other,I 4/m c m,4/mmm,NM,EXCLUDED,mp-21428
In1Zr3,0.0,Other,P m -3 m,m-3m,NM,CANDIDATE,mp-20695
In2.73Sn0.27Y1,0.0,Other,P m -3 m,m-3m,NM,CANDIDATE,mp-20131
In2Mo15Se19,1.5,Chevrel,R -3 c,-3m,NM,CANDIDATE,mp-1199774
In2Mo6Se6,0.7125,Chevrel,P 63/m,6/m,NM,CANDIDATE,mp-20152
In2O3,3.3,Oxide,I a -3,m-3,NM,CANDIDATE,mp-22598
In2Te3,0.0,Other,R -3 m,-3m,NM,CANDIDATE,mp-1068510
In31.5Sb68.5,3.7,Other,P m m m,mmm,FM,EXCLUDED,mp-1212332
In3La1,0.7,Other,P m -3 m,m-3m,NM,CANDIDATE,mp-20729
In3Lu1,0.24,Other,P m -3 m,m-3m,NM,CANDIDATE,mp-977
In3Mo15Se19,3.32,Chevrel,P 1 21/m 1,2/m,NM,EXCLUDED,mp-1228853
In3Rh1,0.095,Other,P 42/m n m,4/mmm,NM,EXCLUDED,mp-18614
In3Ru1,2.68,Other,P 42/m n m,4/mmm,NM,EXCLUDED,mp-607450
In3Th1,0.0,Other,P m -3 m,m-3m,NM,CANDIDATE,mp-20206
In3U1,0.0,Heavy_fermion,P m -3 m,m-3m,FM,CANDIDATE,mp-20941
In3Yb1,0.0,Heavy_fermion,P m -3 m,m-3m,NM,CANDIDATE,mp-20469
Ir0.1Os1.9Th1,2.25,Other,F d -3 m,m-3m,NM,CANDIDATE,mp-1828
Ir0.1Si1.9Th1,2.75,Other,P 6/m m m,6/mmm,NM,CANDIDATE,mp-7497
Ir0.22Ru0.78,0.21,Other,P 63/m m c,6/mmm,NM,CANDIDATE,mp-862620
Ir0.26Mo0.74,6.7,Other,P m -3 n,m-3m,NM,CANDIDATE,mp-1120
Ir0.2Ru1.8Th1,3.1,Other,F d -3 m,m-3m,NM,CANDIDATE,mp-574438
Ir0.43Ru0.57,0.18,Other,P -6 m 2,-62m,NM,CANDIDATE,mp-974421
Ir0.49Mo0.51,1.81,Other,P m m a,mmm,NM,EXCLUDED,mp-11481
Ir0.55Re0.15,0.61,Other,R -3 m,-3m,NM,CANDIDATE,mp-1219535
Ir0.5Os0.5,1.69,Other,P -6 m 2,-62m,NM,CANDIDATE,mp-1223655
Ir0.5Te0.5,1.5,Other,P 63/m m c,6/mmm,NM,CANDIDATE,mp-10187
Ir0.69Y0.31,1.98,Other,F d -3 m,m-3m,NM,CANDIDATE,mp-2762
Ir0.71Mo0.29,0.12,Other,P 63/m m c,6/mmm,NM,CANDIDATE,mp-11482
Ir0.75Os0.25,0.4,Other,P m -3 m,m-3m,NM,CANDIDATE,mp-1184761
Ir0.75Rh0.25,0.026,Other,I 4/m m m,4/mmm,NM,EXCLUDED,mp-863709
Ir0.7Nb3Rh0.3,0.0,Other,P m -3 n,m-3m,NM,CANDIDATE,mp-1458
Ir0.7Re0.3,1.7,Other,P 63/m m c,6/mmm,NM,CANDIDATE,mp-867792
Ir0.7Rh0.3,0.0,Other,P m -3 m,m-3m,NM,CANDIDATE,mp-1184771
Ir0.85Nb0.15Pt3,0.0,Other,P m -3 m,m-3m,NM,CANDIDATE,mp-1184759
Ir0.85Pt0.15Te2,0.0,Other,P n m a,mmm,NM,EXCLUDED,mp-569322
Ir0.8Os1.2Th1,3.22,Other,I m m a,mmm,NM,EXCLUDED,mp-1217331
Ir1,0.091333333,Other,P m m a,mmm,FM,EXCLUDED,mp-1060567
Ir1.05Nb0.95,4.75,Other,P 4/m m m,4/mmm,NM,EXCLUDED,mp-1359
Ir1.8Os0.2Th1,5.66,Other,F d -3 m,m-3m,NM,CANDIDATE,mp-1187
Ir1La1P1,5.3,Other,I 41 m d,4mm,NM,EXCLUDED,mp-12919
Ir1La1Si1,2.3,Other,P 21 3,23,NM,EXCLUDED,mp-3555
Ir1La1Si3,1.473333333,Other,I 4 m m,4mm,NM,EXCLUDED,mp-2914
Ir1La3,0.0,Other,C 1 2/c 1,2/m,NM,EXCLUDED,mp-1104396
Ir1Lu1,0.0,Other,P m -3 m,m-3m,NM,CANDIDATE,mp-1529
Ir1Lu3,0.0,Other,P n m a,mmm,NM,EXCLUDED,mp-1189562
Ir1Nb1Si1,0.0,Other,P n m a,mmm,NM,EXCLUDED,mp-21248
Ir1Nd1Si1,0.0,Other,P 21 3,23,NM,EXCLUDED,mp-1102140
Ir1P1Sc1,3.46,Other,P -6 2 m,-62m,NM,CANDIDATE,mp-1080665
Ir1Sb1,0.0,Other,P 63/m m c,6/mmm,NM,CANDIDATE,mp-10125
Ir1Sc1,0.0,Other,P m -3 m,m-3m,NM,CANDIDATE,mp-1129
Ir1Sc3,0.0,Other,F d -3 m,m-3m,NM,CANDIDATE,mp-1209069
Ir1Se2,0.0,Other,P n m a,mmm,NM,EXCLUDED,mp-1361
Ir1Se2.9,0.0,Other,R -3,-3,NM,CANDIDATE,mp-9888
Ir1Si1,0.0,Other,P n m a,mmm,NM,EXCLUDED,mp-1128
Ir1Si1Ta1,0.5,Other,P n m a,mmm,NM,EXCLUDED,mp-21316
Ir1Si1Tb1,0.0,Other,P n m a,mmm,NM,EXCLUDED,mp-20383
Ir1Si1Th1,6.5,Other,I 41 m d,4mm,NM,EXCLUDED,mp-1206779
Ir1Si1Ti1,1.675,Other,P n m a,mmm,NM,EXCLUDED,mp-1103248
Ir1Si1Y1,2.7,Other,P n m a,mmm,NM,EXCLUDED,mp-1102268
Ir1Si1Zr1,2.04,Other,P n m a,mmm,NM,EXCLUDED,mp-1102869
Ir1Si3,0.0,Other,P 63 m c,6mm,NM,CANDIDATE,mp-569802
Ir1Sn2,0.715,Other,F m -3 m,m-3m,NM,CANDIDATE,mp-2083
Ir1Sn4,0.93,Other,I 41/a c d,4/mmm,NM,EXCLUDED,mp-31277
Ir1Te2,0.0,Other,P n m a,mmm,NM,EXCLUDED,mp-569388
Ir1Te2.67,0.0,Other,R -3,-3,NM,CANDIDATE,mp-1217357
Ir1Th1,0.37,Other,C m c m,mmm,NM,EXCLUDED,mp-12774
Ir1Ti3,5.185,Other,P m -3 n,m-3m,NM,CANDIDATE,mp-544
Ir1U1,0.14,Heavy_fermion,P 1 21 1,2,FM,EXCLUDED,mp-1105762
Ir1V1,0.0,Other,C m m m,mmm,NM,EXCLUDED,mp-569250
Ir1V3,0.0,Other,P m -3 n,m-3m,NM,CANDIDATE,mp-2006
Ir1Y4,0.0,Other,P n m a,mmm,NM,EXCLUDED,mp-1207785
Ir1Zr2,7.365,Other,I 4/m c m,4/mmm,NM,EXCLUDED,mp-1077297
Ir1Zr3,5.065,Other,I -4 2 m,-42m,NM,EXCLUDED,mp-30748
Ir2.5Sc1,2.46,Other,P m -3 m,m-3m,NM,CANDIDATE,mp-12593
Ir2.76Nb1Pt0.24,0.0,Other,P 63/m m c,6/mmm,NM,CANDIDATE,mp-1186231
Ir2La1,0.24,Other,F d -3 m,m-3m,NM,CANDIDATE,mp-1463
Ir2La1Si2,1.198333333,Other,I 4/m m m,4/mmm,NM,EXCLUDED,mp-3585
Ir2Lu1,2.47,Other,F d -3 m,m-3m,NM,CANDIDATE,mp-1761
Ir2P1,0.0,Other,F m -3 m,m-3m,NM,CANDIDATE,mp-2082
Ir2Sc1,1.55,Other,F d -3 m,m-3m,NM,CANDIDATE,mp-2263
Ir2Si2Th1,2.215,Other,P 4/n m m,4/mmm,NM,EXCLUDED,mp-1080037
Ir2Si2U1,1.1,Heavy_fermion,P 4/n m m,4/mmm,FM,EXCLUDED,mp-22758
Ir2Si2Y1,1.949166667,Other,I 4/m m m,4/mmm,NM,EXCLUDED,mp-4653
Ir2Sr1,5.7,Other,F d -3 m,m-3m,NM,CANDIDATE,mp-318
Ir2U1,0.0,Heavy_fermion,F d -3 m,m-3m,FM,CANDIDATE,mp-1655
Ir2Y3,1.61,Other,I 4/m c m,4/mmm,NM,EXCLUDED,mp-1204272
Ir2Yb1,0.0,Heavy_fermion,F d -3 m,m-3m,NM,CANDIDATE,mp-1584
Ir2Zr1,4.1,Other,F d -3 m,m-3m,NM,CANDIDATE,mp-715
Ir3Lu1.92Sc0.08Si5,3.1,Other,I b a m,mmm,NM,EXCLUDED,mp-568336
Ir3Si5Tb2,0.0,Other,I b a m,mmm,NM,EXCLUDED,mp-1187284
Ir3Si5Y2,3.005,Other,I b a m,mmm,NM,EXCLUDED,mp-1189012
Ir3Th7,1.52,Other,P 63 m c,6mm,NM,CANDIDATE,mp-571094
Ir3U1,0.0,Heavy_fermion,P m -3 m,m-3m,NM,CANDIDATE,mp-1044
Ir3V1,0.0,Other,P 63/m m c,6/mmm,NM,CANDIDATE,mp-865496
Ir3Y1,3.5,Other,R -3 m,-3m,NM,CANDIDATE,mp-1095497
Ir3Zr5,0.0,Other,P 61 2 2,622,NM,EXCLUDED,mp-30749
Ir4La3Sn13,2.55,Other,P m -3 n,m-3m,NM,CANDIDATE,mp-1197480
Ir4Lu2.5Sc2.5Si10,7.915,Other,A m m 2,mm2,NM,EXCLUDED,mp-1222705
Ir4Sc5Si10,8.311428571,Other,P 4/m b m,4/mmm,NM,EXCLUDED,mp-1195748
Ir4Si10Tm5,0.95,Other,P 4/m b m,4/mmm,NM,EXCLUDED,mp-1202399
Ir4Si10Y5,2.906666667,Other,P 4/m b m,4/mmm,NM,EXCLUDED,mp-1202645
Ir4Si10Yb5,0.0,Heavy_fermion,P 4/m b m,4/mmm,NM,EXCLUDED,mp-1207588
Ir4Sn13Sr3,5.016666667,Other,P m -3 n,m-3m,NM,CANDIDATE,mp-1196422
Ir5La1,2.13,Other,P 6/m m m,6/mmm,NM,CANDIDATE,mp-1384
Ir5Th1,3.93,Other,P 6/m m m,6/mmm,NM,CANDIDATE,mp-312
K0.18W1O3,3.9,Oxide,P 6 m m,6mm,FM,CANDIDATE,mp-1223833
K0.3Mo1O3,0.0,Oxide,C 1 2/m 1,2/m,FM,EXCLUDED,mp-541614
K0.45W1O3,0.885,Oxide,P -1,-1,FM,EXCLUDED,mp-761779
K0.9Mo1O3,0.0,Oxide,P m -3 m,m-3m,FM,CANDIDATE,mp-1040469
K0.9Re1O3,0.0,Oxide,I 41/a,4/m,NM,EXCLUDED,mp-4757
K1La1Nb2O7,0.0,Oxide,A m m 2,mm2,NM,EXCLUDED,mp-1223501
K1Nb0.008Ta0.992O3,0.0,Oxide,P m -3 m,m-3m,NM,CANDIDATE,mp-3614
K1Nb0.36Ta0.64O3,0.0,Oxide,F m -3 m,m-3m,NM,CANDIDATE,mp-1207114
K1Ni2S2,0.46,Ferrite,F d d d,mmm,NM,EXCLUDED,mp-17228
K1Ni2Se2,0.8,Ferrite,F d d d,mmm,NM,EXCLUDED,mp-1188089
K1Os2O6,9.60375,Oxide,P -1,-1,NM,EXCLUDED,mp-554461
K1S8V6,0.71,Chevrel,P -3,-3,NM,CANDIDATE,mp-1224064
K1Sb1,0.0,Other,P 1 21/c 1,2/m,NM,EXCLUDED,mp-1536
K1Tl1.5,0.0,Other,F d -3 m,m-3m,NM,CANDIDATE,mp-1211511
K2Mo15Se19,2.1,Chevrel,R -3 c,-3m,NM,CANDIDATE,mp-1204618
K2Mo6Se6,0.0,Chevrel,P 63/m,6/m,NM,CANDIDATE,mp-1104242
K2Te3,0.0,Other,P n m a,mmm,NM,EXCLUDED,mp-7289
La0.02Os4Pr0.98Sb12,1.8,Heavy_fermion,I m -3,m-3,NM,CANDIDATE,mp-4251
La0.06Pb3Th0.94,5.58,Other,P m -3 m,m-3m,NM,CANDIDATE,mp-21381
La0.1Sr0.9Ti1O3,0.0,Oxide,P -1,-1,NM,EXCLUDED,mp-695042
La0.22Sr1.78Ti1O4,0.0,Oxide,I 4/m m m,4/mmm,NM,EXCLUDED,mp-5532
La0.25Sn3Th0.75,3.94,Other,P m -3 m,m-3m,NM,CANDIDATE,mp-435
La0.28Pt0.72,0.54,Other,F d -3 m,m-3m,NM,CANDIDATE,mp-912
La0.48Y0.52,1.0,Other,P 63/m m c,6/mmm,NM,CANDIDATE,mp-1222741
La0.5Sr0.5Ti1O3,0.0,Oxide,P -3 m 1,-3m,NM,CANDIDATE,mp-1218904
La0.75Pb3Pr0.25,0.8,Other,P m -3 m,m-3m,NM,CANDIDATE,mp-21432
La0.84Mo6Se8,9.4,Chevrel,R -3,-3,FM,CANDIDATE,mp-37784
La0.8Os4Pr0.2Sb12,0.9865,Other,I m -3,m-3,NM,CANDIDATE,mp-1106066
La0.901Pr0.099Tl3,0.55,Other,P m -3 m,m-3m,NM,CANDIDATE,mp-2001
La0.95Pr0.05Se1,0.7,Other,F m -3 m,m-3m,NM,CANDIDATE,mp-1161
La0.9Ni1Sr0.1O3,0.0,Oxide,R -3 c,-3m,FM,CANDIDATE,mp-19339
La1,5.343,Other,P 63/m m c,6/mmm,NM,CANDIDATE,mp-26
La1.8Ni1Sr0.2O4,0.0,Oxide,P 42/n c m,4/mmm,AFM,EXCLUDED,mp-21874
La1Mg1,0.0,Other,P m -3 m,m-3m,NM,CANDIDATE,mp-1104
La1Mg2,1.05,Other,F d -3 m,m-3m,NM,CANDIDATE,mp-1909
La1Mo6S8,6.73,Chevrel,R -3,-3,NM,CANDIDATE,mp-1103974
La1N0.98,0.0,Other,P 63 m c,6mm,NM,CANDIDATE,mp-567290
La1Ni0.9Pt0.1Si1,1.275,Other,I 41 m d,4mm,NM,EXCLUDED,mp-7030
La1Ni1P1O1,3.0,Ferrite,P 4/n m m,4/mmm,NM,EXCLUDED,mp-1079685
La1Ni1Sb2,1.0,Ferrite,P 4/n m m,4/mmm,NM,EXCLUDED,mp-1079572
La1Ni1Sn1,0.59,Other,P n m a,mmm,NM,EXCLUDED,mp-12613
La1Ni2P2,2.6,Ferrite,I 4/m m m,4/mmm,NM,EXCLUDED,mp-8250
La1Ni2Si2,0.0,Other,I 4/m m m,4/mmm,NM,EXCLUDED,mp-5898
La1Os2,7.575,Other,P 63/m m c,6/mmm,NM,CANDIDATE,mp-1102043
La1Os4P12,0.9,Other,I m -3,m-3,NM,CANDIDATE,mp-1021506
La1P1,0.0,Other,F m -3 m,m-3m,NM,CANDIDATE,mp-2384
La1P1Rh1,2.5,Other,I 41 m d,4mm,NM,EXCLUDED,mp-1070925
La1P2Pd2,0.75,Other,I 4/m m m,4/mmm,NM,EXCLUDED,mp-1207202
La1P2Ru2,3.933333333,Other,I 4/m m m,4/mmm,NM,EXCLUDED,mp-9886
La1Pb1.5Sn1.5,1.18,Other,P m m m,mmm,NM,EXCLUDED,mp-1223431
La1Pb1.5Tl1.5,1.75,Other,P m m m,mmm,NM,EXCLUDED,mp-1223251
La1Pd0.8Sb2,3.25,Other,P 4/n m m,4/mmm,NM,EXCLUDED,mp-1078519
La1Pd2Sb2,1.3,Other,P 4/n m m,4/mmm,NM,EXCLUDED,mp-1079540
La1Pd2Si2,0.39,Other,I 4/m m m,4/mmm,NM,EXCLUDED,mp-4954
La1Pd3,0.0,Other,P m -3 m,m-3m,NM,CANDIDATE,mp-674
La1Pt2Si2,1.4325,Other,P 4/n m m,4/mmm,NM,EXCLUDED,mp-1080606
La1Pt3Si1,0.3,Other,P 4 m m,4mm,NM,EXCLUDED,mp-1206882
La1Pt5,0.0,Other,P 6/m m m,6/mmm,NM,CANDIDATE,mp-1832
La1Rh1Sb1,2.1,Other,P n m a,mmm,NM,EXCLUDED,mp-1211458
La1Rh1Si1,4.35,Other,P 21 3,23,NM,EXCLUDED,mp-1103155
La1Rh1Si3,2.245,Other,I 4 m m,4mm,NM,EXCLUDED,mp-1070124
La1Rh1Sn1,1.916666667,Other,P -6 2 m,-62m,NM,CANDIDATE,mp-12378
La1Rh2,0.0,Other,F d -3 m,m-3m,NM,CANDIDATE,mp-1702
La1Rh2Si2,1.658,Other,I 4/m m m,4/mmm,NM,EXCLUDED,mp-5936
La1Rh3,2.6,Other,P 63/m m c,6/mmm,NM,CANDIDATE,mp-974030
La1Ru2Si2,3.5,Other,I 4/m m m,4/mmm,NM,EXCLUDED,mp-5105
La1Ru4Sb12,3.293333333,Other,I m -3,m-3,NM,CANDIDATE,mp-1188603
La1S1,0.84,Other,F m -3 m,m-3m,NM,CANDIDATE,mp-2350
La1Sb1,0.0,Other,F m -3 m,m-3m,NM,CANDIDATE,mp-1065
La1Sb2,0.8,Other,C m c a,mmm,NM,EXCLUDED,mp-1101942
La1Si10,6.7,Other,P 63/m m c,6/mmm,NM,CANDIDATE,mp-1190852
La1Si2,1.6,Other,I 41/a m d,4/mmm,NM,EXCLUDED,mp-2062
La1Sn1.5Tl1.5,1.5,Other,P m m m,mmm,NM,EXCLUDED,mp-1223249
La1Sn2,3.6,Other,C m m m,mmm,NM,EXCLUDED,mp-1077735
La1Te1,1.48,Other,F m -3 m,m-3m,NM,CANDIDATE,mp-1560
La1Zn1,1.04,Other,P m -3 m,m-3m,NM,CANDIDATE,mp-2615
La2.706Pr0.294Tl1,5.25,Other,P m -3 m,m-3m,NM,CANDIDATE,mp-371
La2.7Pr0.3Se4,3.36,Other,I -4 3 d,-43m,NM,CANDIDATE,mp-491
La2.82Pr0.18S4,4.33,Other,I -4 3 d,-43m,NM,CANDIDATE,mp-567
La2Mg1,0.0,Other,C 1 2/m 1,2/m,NM,EXCLUDED,mp-1094177
La2O4,0.0,Oxide,P -3 m 1,-3m,NM,CANDIDATE,mp-1968
La2Rh3Si5,4.4,Other,I b a m,mmm,NM,EXCLUDED,mp-8620
La2Rh3Sn5,1.85,Other,I b a m,mmm,NM,EXCLUDED,mp-30755
La2S3,0.0,Other,P n m a,mmm,NM,EXCLUDED,mp-7475
La2Sb1,3.025,Other,I 4/m m m,4/mmm,NM,EXCLUDED,mp-759
La2Se3,0.0,Other,I -4 2 d,-42m,NM,EXCLUDED,mp-32798
La2Sr1O4.003,0.0,Oxide,C m c m,mmm,NM,EXCLUDED,mp-752533
La3Ni1,3.6,Other,P 63 m c,6mm,NM,CANDIDATE,mp-573855
La3Ni4P4O2,2.2,Ferrite,I 4/m m m,4/mmm,NM,EXCLUDED,mp-1210896
La3Pb13Rh4,2.2,Other,P m -3 n,m-3m,NM,CANDIDATE,mp-1203228
La3Pd4Si4,2.065,Other,I m m m,mmm,NM,EXCLUDED,mp-568625
La3Pd5Si1,1.4,Other,I m m a,mmm,NM,EXCLUDED,mp-571217
La3Rh4Sn13,3.1,Other,I 41 3 2,432,NM,EXCLUDED,mp-640274
La3Ru1,4.875,Other,C 1 2/c 1,2/m,NM,EXCLUDED,mp-1104417
La3Ru4Sn13,2.65,Other,P m -3 n,m-3m,NM,CANDIDATE,mp-1196992
La3Sb3Y1,0.13,Other,C 1 2 1,2,NM,EXCLUDED,mp-1223124
La3Sn1,6.2,Other,P m -3 m,m-3m,NM,CANDIDATE,mp-1681
La3Sn7,0.0,Other,C m m m,mmm,NM,EXCLUDED,mp-1079273
La3Te4,4.0275,Other,I -4 3 d,-43m,NM,CANDIDATE,mp-879
La4Pb1Sb2,0.0,Other,I -4 2 d,-42m,NM,EXCLUDED,mp-1223115
La4Sb2Sn1,0.0,Other,I -4 2 d,-42m,NM,EXCLUDED,mp-1223181
La4Sb3,0.25,Other,I -4 3 d,-43m,NM,CANDIDATE,mp-1223
La5Si3,1.6,Other,I 4/m c m,4/mmm,NM,EXCLUDED,mp-10961
La5Sn3,0.0,Other,I 4/m c m,4/mmm,NM,EXCLUDED,mp-510494
La6Sb15Zn1,3.74,Other,C 1 m 1,m,NM,EXCLUDED,mp-1223161
La7Pd3,1.48,Other,P 63 m c,6mm,NM,CANDIDATE,mp-1105925
La7Rh3,2.59,Other,P 63 m c,6mm,NM,CANDIDATE,mp-1189031
La7Ru3,1.835,Other,P n m a,mmm,NM,EXCLUDED,mp-1202486
Li0.33S2Ta1,0.0,Other,P -3 m 1,-3m,NM,CANDIDATE,mp-1222716
Li0.33V2O5,8.5,Oxide,P 1 21/c 1,2/m,FM,EXCLUDED,mp-776036
Li0.3W1O3,2.2,Oxide,P m -3,m-3,FM,CANDIDATE,mp-675212
Li0.45Nb1O2,5.5,Oxide,P n n m,mmm,NM,EXCLUDED,mp-758673
Li0.68Nb1O2,5.15,Oxide,P 63/m m c,6/mmm,NM,CANDIDATE,mp-3924
Li1Pb1,7.2,Other,P m -3 m,m-3m,NM,CANDIDATE,mp-2314
Li1V2O4,0.0,Oxide,F d -3 m,m-3m,FM,CANDIDATE,mp-19394
Li1Zn1,0.0,Other,F d -3 m,m-3m,NM,CANDIDATE,mp-1934
Li2Mo15Se19,2.6,Chevrel,R -3 c,-3m,FM,CANDIDATE,mp-1197196
Li2Mo6Se6,0.0,Chevrel,P 63/m,6/m,NM,CANDIDATE,mp-1103933
Li3Mo15Se19,3.5,Chevrel,P 1 21/m 1,2/m,NM,EXCLUDED,mp-1223482
Lu0.275Rh0.725,1.27,Other,P m -3 m,m-3m,NM,CANDIDATE,mp-865802
Lu1Mo6S8,2.2,Chevrel,R -3,-3,NM,CANDIDATE,mp-1104347
Lu1Os2,3.49,Other,P 63/m m c,6/mmm,NM,CANDIDATE,mp-567590
Lu1Pb1Pd2,2.4,Other,F m -3 m,m-3m,NM,CANDIDATE,mp-1206796
Lu1Pd2Si2,0.67,Other,I 4/m m m,4/mmm,NM,EXCLUDED,mp-3507
Lu1Pd2Sn1,2.98,Other,F m -3 m,m-3m,NM,CANDIDATE,mp-5181
Lu1Pt2Si2,1.9,Other,I 4/m m m,4/mmm,NM,EXCLUDED,mp-7109
Lu1Rh1,0.0,Other,P m -3 m,m-3m,NM,CANDIDATE,mp-377
Lu1Rh2,0.0,Other,F d -3 m,m-3m,NM,CANDIDATE,mp-1728
Lu1Rh2Si2,0.0,Other,I 4/m m m,4/mmm,NM,EXCLUDED,mp-3108
Lu1Rh2Sn1,2.9,Other,F m -3 m,m-3m,NM,CANDIDATE,mp-865378
Lu1Ru2,1.545,Other,P 63/m m c,6/mmm,NM,CANDIDATE,mp-568630
Lu1Ru2Si2,2.4,Other,I 4/m m m,4/mmm,NM,EXCLUDED,mp-10453
Lu1S1,1.1,Other,F m -3 m,m-3m,NM,CANDIDATE,mp-656
Lu1Se1,0.56,Other,F m -3 m,m-3m,NM,CANDIDATE,mp-414
Lu1Si3,6.78,Other,P m -3 m,m-3m,NM,CANDIDATE,mp-973668
Lu1Tc2,9.9,Other,P 63/m m c,6/mmm,NM,CANDIDATE,mp-1095487
Lu1Te1,0.0,Other,P -6 m 2,-62m,FM,CANDIDATE,mp-1185504
Lu2Ni3Si5,0.0,Other,I b a m,mmm,NM,EXCLUDED,mp-1105977
Lu2Rh1,0.0,Other,P 63/m c m,6/mmm,NM,CANDIDATE,mp-865778
Lu3Rh1,0.0,Other,F d -3 m,m-3m,NM,CANDIDATE,mp-1210757
Lu3Si5,7.0,Other,P 6/m m m,6/mmm,NM,CANDIDATE,mp-1103
Mg0.47Tl0.53,2.75,Other,P m -3 m,m-3m,NM,CANDIDATE,mp-11498
Mg1Y1,0.0,Other,P m -3 m,m-3m,NM,CANDIDATE,mp-615
Mg1Zn1,0.925,Other,P m m a,mmm,NM,EXCLUDED,mp-978268
Mg24Y5,0.0,Other,I -4 3 m,-43m,NM,CANDIDATE,mp-1988
Mg2Pb1,5.6,Other,F m -3 m,m-3m,NM,CANDIDATE,mp-20724
Mg2Zn11,0.88,Other,P m -3,m-3,NM,CANDIDATE,mp-30784
Mg2Zn3,0.76,Other,F d -3 m,m-3m,NM,CANDIDATE,mp-978269
Mg6Ni16Si7,0.0,Other,F m -3 m,m-3m,NM,CANDIDATE,mp-570457
Mg7Zn3,0.28,Other,P 63/m m c,6/mmm,NM,CANDIDATE,mp-1094451
Mn0.24Ni0.76,0.0,Other,P m -3 m,m-3m,FM,CANDIDATE,mp-11501
Mn0.2Ru0.8,0.0,Other,P 63/m m c,6/mmm,FiM,CANDIDATE,mp-865045
Mn1Ni1Zr1,0.0,Other,A m m 2,mm2,FiM,EXCLUDED,mp-1215315
Mn1P1,0.0,Other,P n m a,mmm,FM,EXCLUDED,mp-2662
Mn1Sb1,0.0,Other,P 63/m m c,6/mmm,FM,CANDIDATE,mp-786
Mn1Sn2,0.0,Other,I 4/m c m,4/mmm,FM,EXCLUDED,mp-20086
Mn1U6,2.4525,Heavy_fermion,I 4/m c m,4/mmm,NM,EXCLUDED,mp-568195
Mn2O3,0.0,Oxide,P b c a,mmm,FM,EXCLUDED,mp-1172875
Mn3Si1,0.0,Other,F m -3 m,m-3m,FM,CANDIDATE,mp-20211
Mo0.18Tc0.82,13.7,Other,P m -3 m,m-3m,NM,CANDIDATE,mp-1187395
Mo0.202Zr0.798,5.25,Other,F d -3 m,m-3m,NM,CANDIDATE,mp-1207454
Mo0.23Re0.77,9.25,Other,P 63/m m c,6/mmm,NM,CANDIDATE,mp-974589
Mo0.25Ru0.75,2.6,Other,P 63/m m c,6/mmm,NM,CANDIDATE,mp-975834
Mo0.25Tc0.75,15.8,Other,P -6 m 2,-62m,NM,CANDIDATE,mp-1217419
Mo0.28O0.72,0.0,Oxide,C 1 2/m 1,2/m,FM,EXCLUDED,mp-714883
Mo0.28Rh0.72,0.03,Other,P 63/m m c,6/mmm,NM,CANDIDATE,mp-30787
Mo0.3Si1,11.7,Other,P 63/m m c,6/mmm,NM,CANDIDATE,mp-978525
Mo0.3U0.7,1.97,Heavy_fermion,I 4/m m m,4/mmm,NM,EXCLUDED,mp-30789
Mo0.45Re0.55,6.185,Other,C m m m,mmm,NM,EXCLUDED,mp-1219485
Mo0.45Tc0.55,14.0,Other,C m m m,mmm,NM,EXCLUDED,mp-1217398
Mo0.4Re0.6,6.245,Other,C m m 2,mm2,NM,EXCLUDED,mp-1219297
Mo0.5Pb0.5,3.52,Other,I 41/a m d,4/mmm,FM,EXCLUDED,mp-1065115
Mo0.5Pd0.5,3.52,Other,P -6 m 2,-62m,NM,CANDIDATE,mp-1221413
Mo0.5Rh0.5,1.94,Other,P m m a,mmm,NM,EXCLUDED,mp-12595
Mo0.5V0.5,0.11,Other,C m m m,mmm,NM,EXCLUDED,mp-1216323
Mo0.67Zr0.33,1.56,Other,F d -3 m,m-3m,NM,CANDIDATE,mp-2049
Mo0.69Pt0.31,0.0,Other,P m -3 n,m-3m,NM,CANDIDATE,mp-1232
Mo0.6Ru0.4,7.85,Other,C m m 2,mm2,NM,EXCLUDED,mp-1221651
Mo0.75Re0.25,10.0,Other,C m m m,mmm,NM,EXCLUDED,mp-1219493
Mo0.75W0.75,0.0,Other,C m m m,mmm,NM,EXCLUDED,mp-1221387
Mo0.77Si0.23,1.7,Other,P m -3 n,m-3m,NM,CANDIDATE,mp-1275
Mo1,0.912666667,Other,P 1 21 1,2,NM,EXCLUDED,mp-1181019
Mo15Na2Se19,0.0,Chevrel,R -3 c,-3m,NM,CANDIDATE,mp-1199740
Mo15Na3Se19,0.0,Chevrel,P 1 21/m 1,2/m,NM,EXCLUDED,mp-1221553
Mo15Pb2Se19,0.0,Chevrel,R -3 c,-3m,NM,CANDIDATE,mp-1200386
Mo15Se19,5.29,Chevrel,P 63/m,6/m,NM,CANDIDATE,mp-570170
Mo15Se19Sn2,0.0,Chevrel,R -3 c,-3m,NM,CANDIDATE,mp-1199886
Mo1Ni1P1,15.5,Ferrite,P -6 2 m,-62m,NM,CANDIDATE,mp-7632
Mo1Ni1P2,0.0,Ferrite,P 63/m m c,6/mmm,NM,CANDIDATE,mp-10208
Mo1O2,0.0,Oxide,P n m a,mmm,FM,EXCLUDED,mvc-5806
Mo1P1,0.0,Other,P -6 m 2,-62m,NM,CANDIDATE,mp-219
Mo1P1Ru1,15.5,Other,P n m a,mmm,NM,EXCLUDED,mp-22451
Mo1P2,0.0,Other,C m c 21,mm2,NM,EXCLUDED,mp-1887
Mo1Pt2,0.0,Other,I m m m,mmm,NM,EXCLUDED,mp-952
Mo1Re3,9.89,Other,P -6 m 2,-62m,NM,CANDIDATE,mp-1219135
Mo1Ru1,10.0,Other,P -6 m 2,-62m,NM,CANDIDATE,mp-1221386
Mo1S2,0.0,Chevrel,P 63/m m c,6/mmm,NM,CANDIDATE,mp-2815
Mo1Se2,0.0,Chevrel,P -3 m 1,-3m,NM,CANDIDATE,mp-1027692
Mo1Si2,0.0,Other,I 4/m m m,4/mmm,NM,EXCLUDED,mp-2592
Mo1Te2,0.3,Chevrel,P -3 m 1,-3m,NM,CANDIDATE,mp-1030319
Mo25Nb25Ti50,4.3,Other,I m m m,mmm,FM,EXCLUDED,mp-1096197
Mo2N1,5.1,Other,I 41/a m d,4/mmm,NM,EXCLUDED,mp-27953
Mo2O5,0.0,Oxide,P m m n,mmm,FM,EXCLUDED,mvc-4607
Mo2Re4Se8,0.0,Chevrel,P 1,1,NM,EXCLUDED,mp-1219132
Mo3Os1,11.0225,Other,P m -3 n,m-3m,NM,CANDIDATE,mp-801
Mo3P1,5.936666667,Other,I -4 2 m,-42m,NM,EXCLUDED,mp-10004
Mo3S2Se2,3.3,Chevrel,P 1,1,NM,EXCLUDED,mp-1221501
Mo3Sb7,2.97,Other,I m -3 m,m-3m,NM,CANDIDATE,mp-1521
Mo3Si2,0.0,Other,P 4/m b m,4/mmm,NM,EXCLUDED,mp-1087230
Mo3Sn1,0.0,Other,P m -3 n,m-3m,NM,CANDIDATE,mp-30788
Mo3Te3Tl1,5.84,Chevrel,P 63/m,6/m,NM,CANDIDATE,mp-16096
Mo3Te4,0.0,Chevrel,R -3,-3,NM,CANDIDATE,mp-8601
Mo3Zr1,0.0,Other,P m -3 n,m-3m,NM,CANDIDATE,mp-30790
Mo4Re2Te8,3.5,Chevrel,P 1,1,NM,EXCLUDED,mp-1219145
Mo4Ru2Se8,0.0,Chevrel,P -1,-1,NM,EXCLUDED,mp-1221499
Mo4Ru2Te8,0.0,Chevrel,P 1,1,NM,EXCLUDED,mp-1217418
Mo5.8Ru0.2Se8,6.21,Chevrel,R -3,-3,NM,CANDIDATE,mp-21021
Mo5O2,0.0,Oxide,F m -3 m,m-3m,FM,CANDIDATE,mp-1221492
Mo6Na2Se6,0.0,Chevrel,P 63/m,6/m,NM,CANDIDATE,mp-1186069
Mo6Nd1S8,3.5,Chevrel,R -3,-3,NM,CANDIDATE,mp-1103989
Mo6Pb0.1Se8Yb0.9,6.3,Heavy_fermionChevrel,R -3,-3,NM,CANDIDATE,mp-1103921
Mo6Pb0.7Se8Yb0.3,10.2,Chevrel,R -3,-3,NM,CANDIDATE,mp-22721
Mo6Pb1S4Se4,3.2,Chevrel,P 1,1,NM,EXCLUDED,mp-1221608
Mo6Pb1S8,12.45,Chevrel,R -3,-3,NM,CANDIDATE,mp-555066
Mo6Pr1S8,2.55,Heavy_fermionChevrel,R -3,-3,NM,CANDIDATE,mp-1104449
Mo6Rb2Se6,0.0,Chevrel,P 63/m,6/m,NM,CANDIDATE,mp-1103685
Mo6S8,1.8,Chevrel,R -3,-3,NM,CANDIDATE,mp-2164
Mo6S8Sn0.875,14.048,Chevrel,R -3,-3,NM,CANDIDATE,mp-5336
Mo6S8Yb1,8.45,Heavy_fermionChevrel,R -3,-3,NM,CANDIDATE,mp-2945
Mo6Se6Tl2,2.2875,Chevrel,P 63/m,6/m,NM,CANDIDATE,mp-3411
Mo6Se8Sn1,3.4,Chevrel,R -3,-3,NM,CANDIDATE,mp-1104129
Mo6Se8Y1,6.38,Chevrel,R -3,-3,NM,CANDIDATE,mp-1103848
Mo8P5,5.8,Other,P 1 m 1,m,NM,EXCLUDED,mp-27413
N0.48Nb1,5.5,Other,P -3 m 1,-3m,NM,CANDIDATE,mp-1220726
N0.62Pt0.38,4.21,Other,P a -3,m-3,NM,CANDIDATE,mp-1095618
N0.6Ti1,1.17,Other,R -3 c,-3m,NM,CANDIDATE,mp-1187591
N0.75V1,2.3,Other,P -6 m 2,-62m,NM,CANDIDATE,mp-1018027
N0.84Ti1,0.0,Other,F m -3 m,m-3m,NM,CANDIDATE,mp-492
N0.906Zr1,1.5,Other,F m -3 m,m-3m,NM,CANDIDATE,mp-1352
N0.97Sc1,0.0,Other,F m -3 m,m-3m,NM,CANDIDATE,mp-2857
N0.97W1,0.0,Other,P -6 m 2,-62m,NM,CANDIDATE,mp-991
N0.98Pr1,0.0,Heavy_fermion,F m -3 m,m-3m,NM,CANDIDATE,mp-343
N1.07Nb1,14.4,Other,P 63/m c m,6/mmm,NM,CANDIDATE,mp-7234
N1Ni3Zn1,3.0,Ferrite,P m -3 m,m-3m,NM,CANDIDATE,mp-1069270
N1S1,0.2175,Other,P 1 21/c 1,2/m,NM,EXCLUDED,mp-235
N1Se1,0.0,Other,P 1 21/c 1,2/m,NM,EXCLUDED,mp-542635
N1Ta2,0.0,Other,P -3 1 m,-3m,NM,CANDIDATE,mp-1079438
N1Th1,3.3,Other,F m -3 m,m-3m,NM,CANDIDATE,mp-834
N1U1,0.0,Heavy_fermion,F m -3 m,m-3m,FM,CANDIDATE,mp-1865
N1W2,0.0,Other,P -3 m 1,-3m,NM,CANDIDATE,mp-27943
N1Y1,0.0,Other,F m -3 m,m-3m,NM,CANDIDATE,mp-2114
N4Th3,0.0,Other,R -3 m,-3m,NM,CANDIDATE,mp-467
Na0.1W1O3,0.0,Oxide,R -3,-3,NM,CANDIDATE,mp-756681
Na0.23W1O3,2.16,Oxide,P -3 m 1,-3m,FM,CANDIDATE,mp-1221403
Na0.28Pb0.72,7.2,Other,P m -3 m,m-3m,NM,CANDIDATE,mp-20555
Na0.33V2O5,7.666666667,Oxide,P -1,-1,FM,EXCLUDED,mp-757364
Na0.3W1O3,0.0,Oxide,P 1 2/m 1,2/m,FM,EXCLUDED,mp-36529
Na0.5Nb1S2,1.3,Other,P 3 m 1,3m,NM,CANDIDATE,mp-1221395
Na1Te1,0.0,Other,P b c n,mmm,NM,EXCLUDED,mp-28353
Na2Sb2Ti2O1,0.0,Oxide,I 4/m m m,4/mmm,NM,EXCLUDED,mp-6328
Na3Sb1,0.0,Other,P 63/m m c,6/mmm,NM,CANDIDATE,mp-7956
Nb0.18U0.82,2.011,Heavy_fermion,P 63/m m c,6/mmm,NM,CANDIDATE,mp-972551
Nb0.22Ti0.8,7.8,Other,A m m 2,mm2,NM,EXCLUDED,mp-1217091
Nb0.44Ti0.56,8.99,Other,C m m m,mmm,NM,EXCLUDED,mp-1216634
Nb0.45Re0.55,6.2,Other,C m m m,mmm,NM,EXCLUDED,mp-1220322
Nb0.47Ta0.53,6.2,Other,C m m m,mmm,NM,EXCLUDED,mp-1217892
Nb0.48Rh0.52,3.76,Other,P 4/m m m,4/mmm,NM,EXCLUDED,mp-1963
Nb0.55V0.45,4.11,Other,C m m m,mmm,NM,EXCLUDED,mp-1220334
Nb0.65Pd0.35,1.84,Other,F m m m,mmm,NM,EXCLUDED,mp-1220678
Nb0.69Tc0.31,0.0,Other,F m m m,mmm,NM,EXCLUDED,mp-1220634
Nb0.6Ru0.4,0.6,Other,F m m m,mmm,NM,EXCLUDED,mp-1220677
Nb0.75Si0.25,9.0,Other,P 42/n,4/m,NM,EXCLUDED,mp-17848
Nb0.79Si0.21,9.3,Other,P m -3 n,m-3m,NM,CANDIDATE,mp-10229
Nb0.8Pd0.2,1.98,Other,F m m m,mmm,NM,EXCLUDED,mp-1220401
Nb1,8.9976875,Other,P 1,1,NM,EXCLUDED,mp-1094120
Nb1.3Rh2.7,0.0,Other,P m -3 m,m-3m,NM,CANDIDATE,mp-2449
Nb1Ni2Sn1,3.15,Other,F m -3 m,m-3m,NM,CANDIDATE,mp-3504
Nb1O1,1.38,Oxide,P m -3 m,m-3m,NM,CANDIDATE,mp-2311
Nb1O2,0.0,Oxide,I 41/a,4/m,NM,EXCLUDED,mp-557057
Nb1P1Rh1,4.25,Other,P n m a,mmm,NM,EXCLUDED,mp-1101948
Nb1P1Ru1,0.0,Other,P n m a,mmm,NM,EXCLUDED,mp-1103310
Nb1P1S1,12.5,Other,I m m m,mmm,NM,EXCLUDED,mp-27471
Nb1P1Se1,0.0,Other,I m m m,mmm,NM,EXCLUDED,mp-7524
Nb1Pt1,0.0,Other,P m m a,mmm,NM,EXCLUDED,mp-999376
Nb1Pt1Si1,1.24,Other,P n m a,mmm,NM,EXCLUDED,mp-10469
Nb1Pt2,0.0,Other,I m m m,mmm,NM,EXCLUDED,mp-11514
Nb1Re1Si1,5.1,Other,I m a 2,mm2,NM,EXCLUDED,mp-1189470
Nb1Rh3,0.0,Other,P 63/m m c,6/mmm,NM,CANDIDATE,mp-1191559
Nb1Ru1Si1,2.65,Other,I m a 2,mm2,NM,EXCLUDED,mp-1188541
Nb1Ru3,13.5,Other,P m -3 m,m-3m,NM,CANDIDATE,mp-11517
Nb1S0.899,3.83,Other,P 63/m m c,6/mmm,NM,CANDIDATE,mp-647
Nb1S2,5.821818182,Other,P 63/m m c,6/mmm,NM,CANDIDATE,mp-10033
Nb1S3,0.0,Other,P 1 21/m 1,2/m,NM,EXCLUDED,mp-1190583
Nb1Sb2,0.0,Other,C 1 2/m 1,2/m,NM,EXCLUDED,mp-1969
Nb1Sc1,0.0,Other,P -6 m 2,-62m,NM,CANDIDATE,mp-973229
Nb1Se2,6.814619048,Other,P -6 m 2,-62m,NM,CANDIDATE,mp-571133
Nb1Se2.2,6.675,Other,R 3 m,3m,FM,CANDIDATE,mp-7597
Nb1Se3,3.736666667,Other,P 1 21/m 1,2/m,NM,EXCLUDED,mp-525
Nb1Si2,0.0,Other,P 64 2 2,622,NM,EXCLUDED,mp-12104
Nb1Si2,0.0,Other,P 62 2 2,622,NM,EXCLUDED,mp-2478
Nb1Sn2,2.64,Other,F d d d,mmm,NM,EXCLUDED,mp-1046
Nb1Sn3,18.0,Other,P 63/m m c,6/mmm,NM,CANDIDATE,mp-1186237
Nb1Sr0.75O3,0.0,Oxide,P n m a,mmm,NM,EXCLUDED,mp-10339
Nb1Te2,0.5,Other,C 1 2/m 1,2/m,NM,EXCLUDED,mp-11675
Nb1Te4,0.0,Other,P 4/n c c,4/mmm,NM,EXCLUDED,mp-568220
Nb1Zn3,0.0,Other,P m -3 m,m-3m,NM,CANDIDATE,mp-953
Nb2Pd1S5,6.125,Other,C 1 2/m 1,2/m,NM,EXCLUDED,mp-1106085
Nb2Se3,2.3,Chevrel,P 63/m,6/m,NM,CANDIDATE,mp-561
Nb2Si1,0.0,Other,P 4/m b m,4/mmm,NM,EXCLUDED,mp-1078996
Nb3Os0.7Rh0.3,0.0,Other,P m -3 n,m-3m,NM,CANDIDATE,mp-1932
Nb3Os2,1.81,Other,C m m 2,mm2,NM,EXCLUDED,mp-1220934
Nb3P1,2.0,Other,P 42/n,4/m,NM,EXCLUDED,mp-505528
Nb3Pb1,0.0,Other,P m -3 n,m-3m,NM,CANDIDATE,mp-22068
Nb3Pt0.7Rh0.3,7.4,Other,P m -3 n,m-3m,NM,CANDIDATE,mp-2663
Nb3S4,3.81,Chevrel,P 63/m,6/m,NM,CANDIDATE,mp-12627
Nb3Sb0.75Sn0.25,0.0,Other,P m -3 n,m-3m,NM,CANDIDATE,mp-2053
Nb3Si0.5Sn0.5,8.3,Other,P m -3,m-3,NM,CANDIDATE,mp-1220364
Nb3Te1,0.0,Other,P m -3 n,m-3m,NM,CANDIDATE,mp-570751
Nb3Te4,1.746666667,Chevrel,P 63/m,6/m,NM,CANDIDATE,mp-7564
Nb4Ni1Si1,7.7,Other,P 4/m c c,4/mmm,NM,EXCLUDED,mp-22396
Nb50Zr50,10.161,Other,C m m m,mmm,NM,EXCLUDED,mp-1215202
Nb5Sb4,8.6,Other,I 4/m,4/m,NM,EXCLUDED,mp-274
Nb5Si3,0.345,Other,I 4/m c m,4/mmm,NM,EXCLUDED,mp-13686
Nb5Te4,0.0,Other,I 4/m,4/m,NM,EXCLUDED,mp-30797
Nb6Ni16Si7,0.0,Other,F m -3 m,m-3m,NM,CANDIDATE,mp-3640
Nb6Sn5,2.435,Other,I m m m,mmm,NM,EXCLUDED,mp-1192223
Nd0.8Os4Pr0.2Sb12,0.0,Other,I m -3,m-3,NM,CANDIDATE,mp-3569
Nd1P2Pd2,0.0,Other,I 4/m m m,4/mmm,NM,EXCLUDED,mp-1206126
Nd1Pt1Si1,0.0,Other,I 41 m d,4mm,NM,EXCLUDED,mp-1077762
Nd1Pt2Si2,0.0,Other,P 4/n m m,4/mmm,NM,EXCLUDED,mp-1084815
Nd1Ru2,0.0,Other,P 63/m m c,6/mmm,NM,CANDIDATE,mp-1102217
Nd1Ru4Sb12,0.0,Other,I m -3,m-3,NM,CANDIDATE,mp-1189354
Nd1Si2,0.0,Other,I 41/a m d,4/mmm,NM,EXCLUDED,mp-884
Nd2Ni1O4,0.0,Oxide,P 42/n c m,4/mmm,FM,EXCLUDED,mp-505052
Nd2Rh3Si5,0.0,Other,I b a m,mmm,NM,EXCLUDED,mp-1209907
Nd2S3,0.0,Other,P n m a,mmm,NM,EXCLUDED,mp-438
Ni0.02S2Ta1,3.325,Ferrite,P -3 m 1,-3m,FM,CANDIDATE,mp-1218136
Ni0.05Pd0.95Te2,1.4,Other,P -3 m 1,-3m,NM,CANDIDATE,mp-782
Ni0.1Si1.9Sr1,2.3,Other,I 41/a m d,4/mmm,NM,EXCLUDED,mp-1727
Ni0.3Th0.7,1.9775,Other,P 63 m c,6mm,NM,CANDIDATE,mp-30809
Ni0.5Si1.5Sr1,0.0,Other,P -6 m 2,-62m,NM,CANDIDATE,mp-1218730
Ni1.5V0.5Zr1,0.43,Other,R -3 m,-3m,FM,CANDIDATE,mp-1215561
Ni16Sc6Si7,0.0,Other,F m -3 m,m-3m,NM,CANDIDATE,mp-5382
Ni16Si7Ta6,0.0,Other,F m -3 m,m-3m,NM,CANDIDATE,mp-4502
Ni16Si7Ti6,0.0,Other,F m -3 m,m-3m,NM,CANDIDATE,mp-3337
Ni17Zr83,3.0,Other,F d -3 m,m-3m,NM,CANDIDATE,mp-1207489
Ni1O1,0.0,Oxide,F m -3 m,m-3m,AFM,CANDIDATE,mp-19009
Ni1P1,0.0,Ferrite,P b c a,mmm,NM,EXCLUDED,mp-27844
Ni1P3,0.0,Ferrite,I m -3,m-3,NM,CANDIDATE,mp-2301
Ni1Pr2O4,0.0,OxideHeavy_fermion,P 42/n c m,4/mmm,FM,EXCLUDED,mp-505093
Ni1Pr3,0.0,Heavy_fermion,P n m a,mmm,NM,EXCLUDED,mp-1106122
Ni1S1,0.0,Ferrite,F d -3 m,m-3m,NM,CANDIDATE,mp-1050
Ni1Sb1,0.0,Ferrite,P 63/m m c,6/mmm,NM,CANDIDATE,mp-810
Ni1Sb3,0.0,Ferrite,I m -3,m-3,NM,CANDIDATE,mp-1106023
Ni1Si1,0.0,Other,P n m a,mmm,NM,EXCLUDED,mp-351
Ni1Si2,0.0,Other,F m -3 m,m-3m,NM,CANDIDATE,mp-2291
Ni1Sm1,1.6,Other,C m c m,mmm,NM,EXCLUDED,mp-999145
Ni1Ta2,0.9,Other,I 4/m c m,4/mmm,NM,EXCLUDED,mp-1867
Ni1Tb3,0.0,Other,P n m a,mmm,NM,EXCLUDED,mp-623751
Ni1Te1,0.0,Ferrite,R -3 m,-3m,NM,CANDIDATE,mp-10264
Ni1Te2,0.0,Ferrite,P -3 m 1,-3m,NM,CANDIDATE,mp-2578
Ni1Ti1,0.0,Other,P 1 21/m 1,2/m,NM,EXCLUDED,mp-1048
Ni1U6,0.54,Heavy_fermion,I 4/m c m,4/mmm,NM,EXCLUDED,mp-636821
Ni1Zr3,3.35,Other,P 63/m m c,6/mmm,NM,CANDIDATE,mp-1188073
Ni2P1,0.0,Ferrite,P -6 2 m,-62m,NM,CANDIDATE,mp-21167
Ni2P2Sc2Sr4O6,3.525,Ferrite,P 4/n m m,4/mmm,NM,EXCLUDED,mp-1189201
Ni2P2Sr1,1.415,Ferrite,I m m m,mmm,NM,EXCLUDED,mp-29167
Ni2Se2Tl1,3.7,Ferrite,I 4/m m m,4/mmm,NM,EXCLUDED,mp-4354
Ni2Sn1Ti1,0.0,Other,F m -3 m,m-3m,NM,CANDIDATE,mp-3740
Ni2Sn1V1,0.0,Other,F m -3 m,m-3m,FM,CANDIDATE,mp-20864
Ni2Zn11,0.0,Other,I -4 3 m,-43m,NM,CANDIDATE,mp-11532
Ni3P1,0.0,Ferrite,I -4,-4,NM,EXCLUDED,mp-2296
Ni45Zr55,2.0,Other,C m c m,mmm,NM,EXCLUDED,mp-556
Ni4P2Zr1,0.0,Ferrite,P 42/m n m,4/mmm,NM,EXCLUDED,mp-505598
O2,0.65,Oxide,C 1 2/m 1,2/m,NM,EXCLUDED,mp-12957
Os0.232Re0.768,1.67,Other,P 63/m m c,6/mmm,NM,CANDIDATE,mp-867264
Os0.2Rh0.8,0.0,Other,P 63/m m c,6/mmm,NM,CANDIDATE,mp-1186377
Os0.432Re0.568,1.18,Other,P -6 m 2,-62m,NM,CANDIDATE,mp-1219509
Os0.55V0.45,5.04,Other,P m -3 m,m-3m,FM,CANDIDATE,mp-12778
Os0.74W0.26,4.4,Other,P 63/m m c,6/mmm,NM,CANDIDATE,mp-1186374
Os0.7Re0.3,0.8,Other,P 63/m m c,6/mmm,NM,CANDIDATE,mp-867141
Os10,0.5641666665,Other,P 63/m m c,6/mmm,NM,CANDIDATE,mp-49
Os1P1Ti1,0.0,Other,P -6 2 m,-62m,NM,CANDIDATE,mp-1095128
Os1P1Zr1,5.3525,Other,P n m a,mmm,NM,EXCLUDED,mp-1102976
Os1Si1,0.0,Other,P 21 3,23,NM,EXCLUDED,mp-2488
Os1Si1Ti1,0.0,Other,I m a 2,mm2,NM,EXCLUDED,mp-1105654
Os1Si1Zr1,1.72,Other,P n m a,mmm,NM,EXCLUDED,mp-1103293
Os1Ti1,0.46,Other,P m -3 m,m-3m,NM,CANDIDATE,mp-291
Os2P2Sr1,0.0,Other,I 4/m m m,4/mmm,NM,EXCLUDED,mp-569310
Os2Rb1O6,6.318,Oxide,F d -3 m,m-3m,NM,CANDIDATE,mp-5050
Os2Sc1,4.6,Other,P 63/m m c,6/mmm,NM,CANDIDATE,mp-567612
Os2Si2Th1,1.1,Other,I 4/m m m,4/mmm,NM,EXCLUDED,mp-3166
Os2Si2Y1,1.1,Other,I 4/m m m,4/mmm,NM,EXCLUDED,mp-567749
Os2U1,0.0,Heavy_fermion,P 63/m m c,6/mmm,NM,CANDIDATE,mp-1102439
Os2Y1,4.7,Other,P 63/m m c,6/mmm,NM,CANDIDATE,mp-570670
Os2Zr1,2.95,Other,P 63/m m c,6/mmm,NM,CANDIDATE,mp-570684
Os3Th7,1.51,Other,P 63 m c,6mm,NM,CANDIDATE,mp-569819
Os4Zr11,0.0,Other,F m -3 m,m-3m,NM,CANDIDATE,mp-1193087
P0.4S0.6Y1,0.0,Other,R -3 m,-3m,NM,CANDIDATE,mp-1216056
P0.95Zr1,4.6,Other,F m -3 m,m-3m,NM,CANDIDATE,mp-930
P1,6.728571429,Other,P -1,-1,NM,EXCLUDED,mp-1198724
P12Pr1Ru4,1.8,Heavy_fermion,I m -3,m-3,NM,CANDIDATE,mp-4341
P1Pb1,7.8,Other,C 1 2/c 1,2/m,NM,EXCLUDED,mp-1179841
P1Pd3,0.35,Other,P n m a,mmm,NM,EXCLUDED,mp-19879
P1Re2,0.0,Other,P n m a,mmm,NM,EXCLUDED,mp-1637
P1Rh1Ta1,4.635,Other,P n m a,mmm,NM,EXCLUDED,mp-1095548
P1Rh1Zr1,1.525,Other,P n m a,mmm,NM,EXCLUDED,mp-1101753
P1Rh2,0.65,Other,F m -3 m,m-3m,NM,CANDIDATE,mp-2732
P1Ru1Ta1,0.0,Other,P n m a,mmm,NM,EXCLUDED,mp-1103180
P1Ru1Ti1,1.315,Other,P -6 2 m,-62m,NM,CANDIDATE,mp-10739
P1Ru2,0.0,Other,P n m a,mmm,NM,EXCLUDED,mp-21911
P1S1Ta1,0.0,Other,I m m m,mmm,NM,EXCLUDED,mp-1077589
P1Sn1,2.0,Other,I 4 m m,4mm,NM,EXCLUDED,mp-7526
P1Ti1,0.0,Other,P 63/m m c,6/mmm,NM,CANDIDATE,mp-739
P1V1,0.0,Other,P 63/m m c,6/mmm,NM,CANDIDATE,mp-1114
P1V3,0.0,Other,P 42/n,4/m,NM,EXCLUDED,mp-18350
P1W1,0.0,Other,P n m a,mmm,NM,EXCLUDED,mp-2420
P1W3,2.76,Other,I -4 2 m,-42m,NM,EXCLUDED,mp-1209828
P1Zr3,4.5,Other,P 42/n,4/m,NM,EXCLUDED,mp-22447
P2Pd2Pr1,0.0,Heavy_fermion,I 4/m m m,4/mmm,NM,EXCLUDED,mp-1206418
P2Pd2Sm1,0.0,Other,I 4/m m m,4/mmm,NM,EXCLUDED,mp-1206125
P2Pd2Tb1,0.0,Other,I 4/m m m,4/mmm,NM,EXCLUDED,mp-1206776
P2Pd2Y1,0.96,Other,I 4/m m m,4/mmm,NM,EXCLUDED,mp-1207032
P2Pd2Yb1,0.0,Heavy_fermion,I 4/m m m,4/mmm,NM,EXCLUDED,mp-1206959
P2Ru2Sr1,0.0,Other,I 4/m m m,4/mmm,NM,EXCLUDED,mp-3804
P2Ru2Y1,0.0,Other,I 4/m m m,4/mmm,NM,EXCLUDED,mp-568832
P2Ti1,0.0,Other,P n m a,mmm,NM,EXCLUDED,mp-20327
P2V1,0.0,Other,C 1 2/m 1,2/m,NM,EXCLUDED,mp-9923
P2W1,0.0,Other,C m c 21,mm2,NM,EXCLUDED,mp-11328
P2Zr1,0.0,Other,P n m a,mmm,NM,EXCLUDED,mp-1523
P3Pd7,0.85,Other,R 3,3,NM,EXCLUDED,mp-505363
P3Sn4,1.24,Other,R -3 m,-3m,NM,CANDIDATE,mp-27410
P4Re3,0.0,Other,C 1 2/m 1,2/m,NM,EXCLUDED,mp-1474
P4W14O50,0.39,Oxide,P 1 21/c 1,2/m,FM,EXCLUDED,mp-29182
Pa1,0.61,Other,P 63/m m c,6/mmm,NM,CANDIDATE,mp-1186367
Pb0.28Sn0.72,7.05,Other,P 63/m m c,6/mmm,NM,CANDIDATE,mp-1187117
Pb0.52Tl0.48,5.54,Other,R -3 m,-3m,NM,CANDIDATE,mp-1216530
Pb0.57Sn0.43,7.45,Other,P -6 m 2,-62m,NM,CANDIDATE,mp-972692
Pb0.5Sn0.5Te1,1.485,Other,R -3 m,-3m,NM,CANDIDATE,mp-1218924
Pb0.8Pt0.2,2.8,Other,P 4/n b m,4/mmm,NM,EXCLUDED,mp-21296
Pb0.985Te1Tl0.015,1.4,Other,F m -3 m,m-3m,NM,CANDIDATE,mp-19717
Pb1,6.4701,Other,P 63/m m c,6/mmm,NM,CANDIDATE,mp-20745
Pb1.9Rh1,1.32,Other,I 4/m c m,4/mmm,NM,EXCLUDED,mp-321
Pb1O2,0.0,Oxide,P 42/m n m,4/mmm,NM,EXCLUDED,mp-20725
Pb1Pd1Tl1,1.78,Other,F m m m,mmm,NM,EXCLUDED,mp-1216566
Pb1Pd2Sc1,2.4,Other,F m -3 m,m-3m,NM,CANDIDATE,mp-1206369
Pb1Pd2Tb1,0.0,Other,F m -3 m,m-3m,NM,CANDIDATE,mp-1206368
Pb1Pd2Tm1,2.1,Other,F m -3 m,m-3m,NM,CANDIDATE,mp-1206954
Pb1Pd2U1,0.0,Heavy_fermion,F m -3 m,m-3m,FM,CANDIDATE,mp-1206611
Pb1Pd2Y1,3.215,Other,F m -3 m,m-3m,NM,CANDIDATE,mp-22712
Pb1Pd2Yb1,2.65,Heavy_fermion,F m -3 m,m-3m,NM,CANDIDATE,mp-865816
Pb1Pd3,0.0,Other,P m -3 m,m-3m,NM,CANDIDATE,mp-20849
Pb1Pt1,7.2,Other,P 63/m m c,6/mmm,NM,CANDIDATE,mp-1066274
Pb1S1,0.0,Other,F m -3 m,m-3m,NM,CANDIDATE,mp-21276
Pb1Sb1,4.05,Other,F m -3 m,m-3m,NM,CANDIDATE,mp-1206982
Pb1Se1,0.0,Other,F m -3 m,m-3m,NM,CANDIDATE,mp-2201
Pb1Se2Ta1,3.695,Other,P -6 m 2,-62m,NM,CANDIDATE,mp-567736
Pb1V3,0.0,Other,P m -3 n,m-3m,NM,CANDIDATE,mp-30830
Pb1Zr3,0.76,Other,I 4/m m m,4/mmm,NM,EXCLUDED,mp-1187844
Pb2Pd0.5Rh0.5,1.7,Other,I 4 2 2,422,NM,EXCLUDED,mp-1219917
Pb2Pd1,2.98,Other,I 4/m c m,4/mmm,NM,EXCLUDED,mp-20599
Pb2S1Se1,4.59,Other,R -3 m,-3m,NM,CANDIDATE,mp-1219926
Pb2S1Te1,6.03,Other,R -3 m,-3m,NM,CANDIDATE,mp-1217283
Pb3Y1,4.72,Other,P m -3 m,m-3m,NM,CANDIDATE,mp-20291
Pb3Yb1,0.23,Heavy_fermion,P m -3 m,m-3m,NM,CANDIDATE,mp-21430
Pb3Zr5,4.6,Other,P 63/m c m,6/mmm,NM,CANDIDATE,mp-681992
Pd0.003Pt2.997U1,0.4785,Heavy_fermion,P 63/m m c,6/mmm,FM,CANDIDATE,mp-30855
Pd0.18Ti0.82,4.73,Other,P m -3 n,m-3m,NM,CANDIDATE,mp-1079796
Pd0.3Zr0.7,2.53,Other,I 4/m m m,4/mmm,NM,EXCLUDED,mp-266
Pd0.56W0.44,1.58,Other,R -3 m,-3m,NM,CANDIDATE,mp-1219935
Pd0.5Rh0.5,0.0,Other,R -3 m,-3m,NM,CANDIDATE,mp-1219925
Pd1,0.0,Other,P 63/m m c,6/mmm,NM,CANDIDATE,mp-1186427
Pd1.5Te2,2.21,Other,P 63/m m c,6/mmm,NM,CANDIDATE,mp-564
Pd17Se15,1.1,Other,P m -3 m,m-3m,NM,CANDIDATE,mp-21765
Pd1S1,0.0,Other,P 42/m,4/m,NM,EXCLUDED,mp-20250
Pd1Sb1Se1,1.0,Other,P 21 3,23,NM,EXCLUDED,mp-4368
Pd1Sb1Te1,1.2,Other,P 21 3,23,NM,EXCLUDED,mp-10850
Pd1Sb2,1.25,Other,P a -3,m-3,NM,CANDIDATE,mp-1356
Pd1Sc2,0.0,Other,F d -3 m,m-3m,NM,CANDIDATE,mp-1190862
Pd1Se1,0.0,Other,P 42/m,4/m,NM,EXCLUDED,mp-21165
Pd1Se1Te1,0.6,Other,P 3 m 1,3m,NM,CANDIDATE,mp-1217263
Pd1Se2,0.0,Other,P b c a,mmm,NM,EXCLUDED,mp-2418
Pd1Si1,0.93,Other,P n m a,mmm,NM,EXCLUDED,mp-389
Pd1Si3Y2,0.0,Other,P 63/m m c,6/mmm,NM,CANDIDATE,mp-1207726
Pd1Sn1,0.41,Other,P n m a,mmm,NM,EXCLUDED,mp-2369
Pd1Sn2,3.34,Other,I 41/a c d,4/mmm,NM,EXCLUDED,mp-1573
Pd1Sn4,0.0,Other,C c c a,mmm,NM,EXCLUDED,mp-2128
Pd1Th1,0.0,Other,P n m a,mmm,NM,EXCLUDED,mp-30838
Pd1Th2,0.75,Other,I 4/m c m,4/mmm,NM,EXCLUDED,mp-1148
Pd1Tl2,1.32,Other,I 4/m c m,4/mmm,NM,EXCLUDED,mp-570896
Pd1V3,0.081,Other,P m -3 n,m-3m,NM,CANDIDATE,mp-1664
Pd2.8S1,1.63,Other,P -4 21 c,-42m,NM,EXCLUDED,mp-7819
Pd2.8Se1,2.3,Other,P -4 21 c,-42m,NM,EXCLUDED,mp-7818
Pd20Zr80,2.91,Other,I 4/m m m,4/mmm,NM,EXCLUDED,mp-1215363
Pd2Sb2Sr1,1.25,Other,P 4/n m m,4/mmm,NM,EXCLUDED,mp-8468
Pd2Sc1Sn1,2.1225,Other,F m -3 m,m-3m,NM,CANDIDATE,mp-4897
Pd2Si2Th1,1.1,Other,I 4/m m m,4/mmm,NM,EXCLUDED,mp-5508
Pd2Si2Y1,0.785,Other,I 4/m m m,4/mmm,NM,EXCLUDED,mp-4822
Pd2Sn1,0.41,Other,P n m a,mmm,NM,EXCLUDED,mp-1851
Pd2Sn1Tb1,0.0,Other,F m -3 m,m-3m,NM,CANDIDATE,mp-5385
Pd2Sn1Tm0.75Y0.25,3.06,Other,F m -3 m,m-3m,NM,CANDIDATE,mp-3942
Pd2Sn1Yb1,2.225,Heavy_fermion,F m -3 m,m-3m,NM,CANDIDATE,mp-4053
Pd2Sr1,0.0,Other,F d -3 m,m-3m,NM,CANDIDATE,mp-1558
Pd3Ta4Te16,4.38,Other,C 1 2/m 1,2/m,NM,EXCLUDED,mp-510426
Pd3Te1,0.76,Other,I 4/m m m,4/mmm,NM,EXCLUDED,mp-979273
Pd3Th1,0.0,Other,P 63/m m c,6/mmm,NM,CANDIDATE,mp-570184
Pd3Y1,0.0,Other,P m -3 m,m-3m,NM,CANDIDATE,mp-559
Pd5Th3,0.0,Other,R -3,-3,NM,CANDIDATE,mp-1105083
Pd7Se4,0.0,Other,P 21 21 2,222,NM,EXCLUDED,mp-2503
Pr1,0.0,Heavy_fermion,P 63/m m c,6/mmm,NM,CANDIDATE,mp-38
Pr1Ru2,0.0,Heavy_fermion,F d -3 m,m-3m,NM,CANDIDATE,mp-2665
Pr2S3,0.0,Heavy_fermion,P n m a,mmm,NM,EXCLUDED,mp-15179
Pt0.22V0.78,1.76,Other,P m -3 n,m-3m,FM,CANDIDATE,mp-2211
Pt0.2Rh0.8,0.0,Other,P m -3 m,m-3m,NM,CANDIDATE,mp-974370
Pt0.2Ta0.8,0.0,Other,P m -3 m,m-3m,NM,CANDIDATE,mp-1187219
Pt0.43W0.57,2.09,Other,R -3 m,-3m,NM,CANDIDATE,mp-1219711
Pt0.73W0.27,0.213,Other,I m m m,mmm,NM,EXCLUDED,mp-1018129
Pt1Sb1Se1,0.0,Other,P 21 3,23,NM,EXCLUDED,mp-1101950
Pt1Sb1Te1,0.0,Other,P 21 3,23,NM,EXCLUDED,mp-1219487
Pt1Sc1,0.0,Other,P m -3 m,m-3m,NM,CANDIDATE,mp-892
Pt1Si1,0.88,Other,P n m a,mmm,NM,EXCLUDED,mp-696
Pt1Si1Sm1,0.0,Other,I 41 m d,4mm,NM,EXCLUDED,mp-1077109
Pt1Si1Ta1,3.54,Other,P n m a,mmm,NM,EXCLUDED,mp-1208554
Pt1Sn1,0.37,Other,P 63/m m c,6/mmm,NM,CANDIDATE,mp-19856
Pt1Sn2,0.0,Other,F m -3 m,m-3m,NM,CANDIDATE,mp-19962
Pt1Sn4,1.19,Other,C c c a,mmm,NM,EXCLUDED,mp-20662
Pt1Te1,0.59,Other,R -3 m,-3m,NM,CANDIDATE,mp-11693
Pt1Te2,0.0,Other,P -3 m 1,-3m,NM,CANDIDATE,mp-399
Pt1Th1,0.44,Other,C m c m,mmm,NM,EXCLUDED,mp-12754
Pt1Ti3,0.58,Other,P m -3 n,m-3m,NM,CANDIDATE,mp-2339
Pt1Tl2,1.58,Other,I 4/m c m,4/mmm,NM,EXCLUDED,mp-571160
Pt1Y1,0.0,Other,P n m a,mmm,NM,EXCLUDED,mp-1025448
Pt1Zr1,3.0,Other,C m c m,mmm,NM,EXCLUDED,mp-1065995
Pt2.2Y1,1.7,Other,P m -3 m,m-3m,NM,CANDIDATE,mp-2403
Pt2Sb2Sr1,2.1,Other,P 4/m m m,4/mmm,FM,EXCLUDED,mp-1206150
Pt2Si2Th1,1.1,Other,P 4/n m m,4/mmm,NM,EXCLUDED,mp-1079221
Pt2Si2Y1,1.57,Other,P 4/n m m,4/mmm,NM,EXCLUDED,mp-1080646
Pt2Sr1,0.35,Other,F d -3 m,m-3m,NM,CANDIDATE,mp-1349
Pt2Ta1,0.0,Other,C m c m,mmm,NM,EXCLUDED,mp-30849
Pt2Th1,0.0,Other,I 4/m m m,4/mmm,NM,EXCLUDED,mp-1070844
Pt2Y1,2.835,Other,F d -3 m,m-3m,NM,CANDIDATE,mp-2674
Pt2Y8,0.9,Other,F d -3 m,m-3m,NM,CANDIDATE,mp-1207762
Pt3Sc1,0.0,Other,P m -3 m,m-3m,NM,CANDIDATE,mp-481
Pt3Sn1,0.0,Other,P m -3 m,m-3m,NM,CANDIDATE,mp-20971
Pt3Th1,0.0,Other,P 63/m m c,6/mmm,NM,CANDIDATE,mp-865400
Pt3Th7,0.49,Other,P 63 m c,6mm,NM,CANDIDATE,mp-569074
Pt3V1,0.254,Other,I 4/m m m,4/mmm,NM,EXCLUDED,mp-2705
Pt3Y7,0.82,Other,P n m a,mmm,NM,EXCLUDED,mp-1102657
Pt5Th3,0.0,Other,P -6 2 m,-62m,NM,CANDIDATE,mp-1207128
Pt8Ti1,0.0,Other,I 4/m m m,4/mmm,NM,EXCLUDED,mp-30852
Pu1,0.0,Heavy_fermion,F d d d,mmm,NM,EXCLUDED,mp-571261
Rb0.14W1O3,5.1,Oxide,I m m m,mmm,NM,EXCLUDED,mp-698610
Rb0.18W1O3,4.24,Oxide,P 6/m m m,6/mmm,FM,CANDIDATE,mp-565431
Rb0.25W1O3,0.0,Oxide,I m m m,mmm,FM,EXCLUDED,mp-1219848
Rb0.27W1O2.93,3.0,Oxide,F d -3 m,m-3m,FM,CANDIDATE,mp-752845
Rb1S8V6,0.65,Chevrel,P -3,-3,NM,CANDIDATE,mp-1219696
Re0.25Ta0.75,0.0,Other,F m -3 m,m-3m,NM,CANDIDATE,mp-1187203
Re0.25W0.75,4.6,Other,P m -3 n,m-3m,NM,CANDIDATE,mp-1206445
Re0.35W0.65,6.75,Other,F m m m,mmm,NM,EXCLUDED,mp-1219490
Re0.73W0.27,8.3,Other,P 63/m m c,6/mmm,NM,CANDIDATE,mp-974408
Re1,2.581333333,Other,P 63/m m c,6/mmm,NM,CANDIDATE,mp-8
Re1O2,0.0,Oxide,P b c n,mmm,NM,EXCLUDED,mp-7228
Re1O3,0.0,Oxide,P m -3 m,m-3m,NM,CANDIDATE,mp-190
Re1Se2,0.0,Other,P -1,-1,NM,EXCLUDED,mp-541582
Re1Si1Ta1,4.4,Other,I m a 2,mm2,NM,EXCLUDED,mp-1188590
Re1Si2,0.0,Other,I 4/m m m,4/mmm,NM,EXCLUDED,mp-12605
Re1Ta1,0.65,Other,C m m m,mmm,NM,EXCLUDED,mp-1217894
Re1Zr2,0.0,Other,P 42/m n m,4/mmm,NM,EXCLUDED,mp-1193848
Re24Sc5,2.2,Other,I -4 3 m,-43m,NM,CANDIDATE,mp-11558
Re24Ti5,6.6,Other,I -4 3 m,-43m,NM,CANDIDATE,mp-518
Re24Zr5,3.875,Other,I -4 3 m,-43m,NM,CANDIDATE,mp-1374
Re2Sc1,1.71,Other,P 63/m m c,6/mmm,NM,CANDIDATE,mp-11557
Re2Si1,3.8,Other,P 1 21/c 1,2/m,NM,EXCLUDED,mp-669547
Re2Tb1,0.0,Other,P 63/m m c,6/mmm,NM,CANDIDATE,mp-1102249
Re2Th1,5.025,Other,P 63/m m c,6/mmm,NM,CANDIDATE,mp-1659
Re2U1,0.0,Heavy_fermion,C m c m,mmm,FM,EXCLUDED,mp-569480
Re2Y1,1.83,Other,P 63/m m c,6/mmm,NM,CANDIDATE,mp-570923
Re2Zr1,6.366666667,Other,P 63/m m c,6/mmm,NM,CANDIDATE,mp-12109
Re3Si5Y2,1.76,Other,P 4/m n c,4/mmm,NM,EXCLUDED,mp-1195855
Re3W1,8.733333333,Other,I 4/m m m,4/mmm,NM,EXCLUDED,mp-974416
Rh0.29Se0.71,0.0,Other,P a -3,m-3,NM,CANDIDATE,mp-983
Rh0.2Ru0.8,0.18,Other,P 63/m m c,6/mmm,NM,CANDIDATE,mp-1186926
Rh0.33Zr0.67,11.25,Other,I 4/m c m,4/mmm,NM,EXCLUDED,mp-571664
Rh0.53Se0.47,6.0,Other,P 63/m m c,6/mmm,NM,CANDIDATE,mp-900
Rh0.85Si1.15Th1,5.48,Other,I 41 m d,4mm,NM,EXCLUDED,mp-1206329
Rh1,0.08138375,Other,P 63/m m c,6/mmm,NM,CANDIDATE,mp-1186916
Rh17S15,5.52,Other,P m -3 m,m-3m,NM,CANDIDATE,mp-21991
Rh1Ru2U1,0.0,Heavy_fermion,P 4/m m m,4/mmm,NM,EXCLUDED,mp-1216633
Rh1Sb1,0.0,Other,P n m a,mmm,NM,EXCLUDED,mp-20619
Rh1Se1.75,6.0,Other,P b c n,mmm,NM,EXCLUDED,mp-1105666
Rh1Se2,4.35,Other,P n m a,mmm,NM,EXCLUDED,mp-1192175
Rh1Si1,0.0,Other,P n m a,mmm,NM,EXCLUDED,mp-818
Rh1Si1Tb1,0.0,Other,C m c m,mmm,NM,EXCLUDED,mp-1239087
Rh1Si1Ti1,5.1,Other,P n m a,mmm,NM,EXCLUDED,mp-672645
Rh1Si1Y1,0.0,Other,P n m a,mmm,NM,EXCLUDED,mp-19728
Rh1Sn2,0.6,Other,C m c a,mmm,NM,EXCLUDED,mp-1103044
Rh1Te1,0.0,Other,P 63/m m c,6/mmm,NM,CANDIDATE,mp-1628
Rh1Te2,0.755,Other,P a -3,m-3,NM,CANDIDATE,mp-754
Rh1Th1,0.36,Other,C m c m,mmm,NM,EXCLUDED,mp-12755
Rh1Ti1,0.0,Other,P 4/m m m,4/mmm,NM,EXCLUDED,mp-2583
Rh1Ti2,0.0,Other,I 4/m m m,4/mmm,NM,EXCLUDED,mp-1018124
Rh1V3,0.19,Other,P m -3 n,m-3m,NM,CANDIDATE,mp-1578
Rh1Y1,0.0,Other,P m -3 m,m-3m,NM,CANDIDATE,mp-191
Rh1Y3,0.65,Other,P n m a,mmm,NM,EXCLUDED,mp-1207780
Rh1Zr1,1.35,Other,P n m a,mmm,NM,EXCLUDED,mp-669917
Rh1Zr3,7.1033333335,Other,I -4 2 m,-42m,NM,EXCLUDED,mp-1188413
Rh2O3,0.0,Oxide,P 42/m n m,4/mmm,NM,EXCLUDED,mp-725
Rh2Sc1Sn1,2.0,Other,F m -3 m,m-3m,NM,CANDIDATE,mp-862623
Rh2Si2Th1,1.1,Other,I 4/m m m,4/mmm,NM,EXCLUDED,mp-4413
Rh2Si2U1,1.1,Heavy_fermion,I 4/m m m,4/mmm,FM,EXCLUDED,mp-5556
Rh2Si2Y1,1.4,Other,I 4/m m m,4/mmm,NM,EXCLUDED,mp-3441
Rh2Sn1Y1,4.1,Other,F m -3 m,m-3m,NM,CANDIDATE,mp-865518
Rh2Sr1,6.2,Other,F d -3 m,m-3m,NM,CANDIDATE,mp-1328
Rh2Ta1,0.0,Other,P n m a,mmm,NM,EXCLUDED,mp-1103212
Rh2Th1,0.0,Other,P 63/m m c,6/mmm,NM,CANDIDATE,mp-568337
Rh2Y1,0.0,Other,F d -3 m,m-3m,NM,CANDIDATE,mp-921
Rh2Y3,1.48,Other,I 4/m c m,4/mmm,NM,EXCLUDED,mp-1196999
Rh3Sc1,0.0,Other,P m -3 m,m-3m,NM,CANDIDATE,mp-635
Rh3Si5Tb2,0.0,Other,C 1 2/c 1,2/m,NM,EXCLUDED,mp-12879
Rh3Si5Y2,2.7,Other,C 1 2/c 1,2/m,NM,EXCLUDED,mp-9882
Rh3Sn5Tb2,0.0,Other,C m c 21,mm2,NM,EXCLUDED,mp-1189471
Rh3Sn5Y2,0.0,Other,C m c 21,mm2,NM,EXCLUDED,mp-30864
Rh3Th1,0.0,Other,P m -3 m,m-3m,NM,CANDIDATE,mp-2509
Rh3Th7,2.15,Other,P 63 m c,6mm,NM,CANDIDATE,mp-1107
Rh3Ti1,0.0,Other,P m -3 m,m-3m,NM,CANDIDATE,mp-1152
Rh3U1,0.0,Heavy_fermion,P m -3 m,m-3m,NM,CANDIDATE,mp-1150
Rh3V1,0.0,Other,P 63/m m c,6/mmm,NM,CANDIDATE,mp-866161
Rh3Y1,1.07,Other,P 63/m m c,6/mmm,NM,CANDIDATE,mp-1191413
Rh3Y7,0.0,Other,P 63 m c,6mm,NM,CANDIDATE,mp-1189474
Rh3Zr1,0.0,Other,P m -3 m,m-3m,NM,CANDIDATE,mp-229
Rh4Sc5Si10,8.405,Other,P n m a,mmm,NM,EXCLUDED,mp-22307
Rh4Sn13Sr3,4.216666667,Other,P m -3 n,m-3m,NM,CANDIDATE,mp-30517
Rh4Sn13Th3,1.9,Other,P m -3 n,m-3m,NM,CANDIDATE,mp-30516
Rh4Sn13Yb3,7.833333333,Heavy_fermion,P m -3 n,m-3m,NM,CANDIDATE,mp-3046
Rh5Y1,0.56,Other,P 6/m m m,6/mmm,NM,CANDIDATE,mp-11565
Ru0.43V0.57,2.92,Other,P m -3 m,m-3m,FiM,CANDIDATE,mp-1395
Ru0.4W0.6,4.835,Other,C m m 2,mm2,NM,EXCLUDED,mp-1219644
Ru0.8Sr2Ti0.2O4,0.0,Oxide,I 4/m m m,4/mmm,FM,EXCLUDED,mp-4596
Ru1,0.501,Other,P 63/m m c,6/mmm,NM,CANDIDATE,mp-33
Ru1S2,0.0,Other,P a -3,m-3,NM,CANDIDATE,mp-2030
Ru1Sb1,0.6,Other,P n m a,mmm,NM,EXCLUDED,mp-7565
Ru1Se2,0.0,Other,P a -3,m-3,NM,CANDIDATE,mp-1922
Ru1Si1Ta1,3.15,Other,I m a 2,mm2,NM,EXCLUDED,mp-1189212
Ru1Si1Zr1,9.733333333,Other,P -6 2 m,-62m,NM,CANDIDATE,mp-7544
Ru1Te2,0.0,Other,P n n m,mmm,NM,EXCLUDED,mp-267
Ru1Ti1,1.07,Other,P m -3 m,m-3m,NM,CANDIDATE,mp-592
Ru1W1,6.455,Other,P -6 m 2,-62m,NM,CANDIDATE,mp-1219476
Ru1Y3,0.0,Other,P n m a,mmm,NM,EXCLUDED,mp-1207781
Ru1Zr1,0.0,Other,P m -3 m,m-3m,NM,CANDIDATE,mp-214
Ru2Sc1,2.09,Other,P 63/m m c,6/mmm,NM,CANDIDATE,mp-567750
Ru2Si2Th1,1.1,Other,I 4/m m m,4/mmm,NM,EXCLUDED,mp-5165
Ru2Si2Y1,1.1,Other,I 4/m m m,4/mmm,NM,EXCLUDED,mp-568673
Ru2Zr1,2.053333333,Other,P 63/m m c,6/mmm,NM,CANDIDATE,mp-569979
Ru3Si2Th1,3.98,Other,P 6/m m m,6/mmm,NM,CANDIDATE,mp-1025056
Ru3Si2Y1,3.51,Other,P 6/m m m,6/mmm,NM,CANDIDATE,mp-1024974
Ru3Si4Zr2,5.7,Other,C 1 2/c 1,2/m,NM,EXCLUDED,mp-510274
Ru3U1,0.0725,Heavy_fermion,P m -3 m,m-3m,NM,CANDIDATE,mp-1263
S0.8Se1.2Ta1,3.9,Chevrel,P 3 m 1,3m,NM,CANDIDATE,mp-1217890
S1,13.0,Other,P 1 2/c 1,2/m,NM,EXCLUDED,mp-96
S1.1Zr1,4.5,Chevrel,F d -3 m,m-3m,NM,CANDIDATE,mp-1103820
S1.8Se0.2Ta1,2.75,Chevrel,P 63/m m c,6/mmm,NM,CANDIDATE,mp-1984
S1Sc1,0.0,Other,F m -3 m,m-3m,NM,CANDIDATE,mp-1476
S1Sn1,0.0,Other,P n m a,mmm,NM,EXCLUDED,mp-2231
S1Ti1,0.0,Other,P -6 m 2,-62m,NM,CANDIDATE,mp-1018028
S1Tl2,0.0,Other,R 3,3,NM,EXCLUDED,mp-556516
S1V3,0.0,Other,P 42/n b c,4/mmm,NM,EXCLUDED,mp-555283
S1W1,0.0,Other,P 63 m c,6mm,NM,CANDIDATE,mp-1004526
S1Y1,1.9,Other,F m -3 m,m-3m,NM,CANDIDATE,mp-1534
S2W1,0.0,Other,R 3 m,3m,NM,CANDIDATE,mp-9813
S3Ta1,0.0,Other,P 1 21/m 1,2/m,NM,EXCLUDED,mp-30527
S8Tl0.26V6,0.74,Chevrel,P 1,1,NM,EXCLUDED,mp-1216912
S8Tl1V6,4.1,Chevrel,P -3,-3,NM,CANDIDATE,mp-1216802
S8V6,0.76,Chevrel,P 63/m,6/m,NM,CANDIDATE,mp-799
Sb0.195V0.805,0.0,Other,P m -3 n,m-3m,NM,CANDIDATE,mp-1555
Sb0.25Ti0.75,5.9358333335,Other,P m -3 n,m-3m,NM,CANDIDATE,mp-1412
Sb0.28Tl0.72,5.2,Other,P m -3 m,m-3m,NM,CANDIDATE,mp-1187486
Sb1,1.416666667,Other,R -3 m,-3m,NM,CANDIDATE,mp-104
Sb1Sn1,1.43,Other,F m -3 m,m-3m,NM,CANDIDATE,mp-10635
Sb1Ta3,0.72,Other,P m -3 n,m-3m,NM,CANDIDATE,mp-541
Sb1Te2Tl1,0.0,Other,R -3 m,-3m,NM,CANDIDATE,mp-4573
Sb1Y1,0.0,Other,F m -3 m,m-3m,NM,CANDIDATE,mp-215
Sb2Ta1,0.0,Other,C 1 2/m 1,2/m,NM,EXCLUDED,mp-11697
Sb2Te3,4.942,Other,R -3 m,-3m,NM,CANDIDATE,mp-1201
Sb2Ti1,0.0,Other,I 4/m c m,4/mmm,NM,EXCLUDED,mp-568
Sb2Tl7,5.2,Other,I m -3 m,m-3m,NM,CANDIDATE,mp-621624
Sb2V1,0.0,Other,I 4/m c m,4/mmm,NM,EXCLUDED,mp-2851
Sb2Yb1,1.3,Heavy_fermion,C m c m,mmm,NM,EXCLUDED,mp-7138
Sb2Zr1,0.0,Other,P n n m,mmm,NM,EXCLUDED,mp-979
Sb3Zr5,1.5,Other,P n m a,mmm,NM,EXCLUDED,mp-505759
Sb4Sn3Sr1,3.9,Other,P n m a,mmm,NM,EXCLUDED,mp-866805
Sc0.25Zr0.75,0.0,Other,P 63/m m c,6/mmm,NM,CANDIDATE,mp-1188062
Sc0.5Zr0.5,0.0,Other,P -6 m 2,-62m,NM,CANDIDATE,mp-1215201
Sc1Se1,0.0,Other,F m -3 m,m-3m,NM,CANDIDATE,mp-1782
Sc1Si2,0.0,Other,P 6/m m m,6/mmm,NM,CANDIDATE,mp-2841
Sc1Tc2,10.9,Other,P 63/m m c,6/mmm,NM,CANDIDATE,mp-1101860
Se1,5.016666667,Other,P 1 21/c 1,2/m,NM,EXCLUDED,mp-570481
Se1Th1,0.0,Other,F m -3 m,m-3m,NM,CANDIDATE,mp-2183
Se1Y1,3.25,Other,F m -3 m,m-3m,NM,CANDIDATE,mp-2637
Se2Ta1,0.125,Other,F m m 2,mm2,NM,EXCLUDED,mp-8954
Se2Ti1,0.45,Other,P -3 m 1,-3m,NM,CANDIDATE,mp-2194
Se2V1,0.0,Other,P -3 m 1,-3m,FM,CANDIDATE,mp-694
Se3Ta1,2.05,Other,P 1 21/m 1,2/m,NM,EXCLUDED,mp-29652
Si0.28Ta0.72,0.0,Other,I 4/m c m,4/mmm,NM,EXCLUDED,mp-2783
Si0.45Zr0.55,0.0,Other,P n m a,mmm,NM,EXCLUDED,mp-893
Si0.4Sn0.6V3,9.8,Other,P m -3,m-3,FM,CANDIDATE,mp-1216430
Si0.665Y0.335,0.0,Other,I 41/a m d,4/mmm,NM,EXCLUDED,mp-12769
Si1,5.864761905,Other,F d -3 m,m-3m,NM,CANDIDATE,mp-149
Si1Th1,2.41,Other,P n m a,mmm,NM,EXCLUDED,mp-21238
Si1Ti1,0.0,Other,P n m a,mmm,NM,EXCLUDED,mp-7092
Si1U1,0.0,Heavy_fermion,P n m a,mmm,FM,EXCLUDED,mp-19715
Si1U3,0.0,Heavy_fermion,I 4/m c m,4/mmm,NM,EXCLUDED,mp-956
Si1Y1,0.0,Other,C m c m,mmm,NM,EXCLUDED,mp-9972
Si1Zr2,0.0,Other,I 4/m c m,4/mmm,NM,EXCLUDED,mp-1278
Si1Zr4,0.0,Other,P 42/n,4/m,NM,EXCLUDED,mp-1200912
Si2Ta1,0.1725,Other,P 64 2 2,622,NM,EXCLUDED,mp-11192
Si2Ta1,0.1725,Other,P 62 2 2,622,NM,EXCLUDED,mp-517
Si2Th3,0.0,Other,P 4/m b m,4/mmm,NM,EXCLUDED,mp-1079146
Si2Ti1,0.0,Other,C m c m,mmm,NM,EXCLUDED,mp-1077503
Si2U1,0.0,Heavy_fermion,P 6/m m m,6/mmm,FM,CANDIDATE,mp-980
Si2U3,0.0,Heavy_fermion,P 4/m b m,4/mmm,NM,EXCLUDED,mp-21346
Si2V1,0.0,Other,P 62 2 2,622,FM,EXCLUDED,mp-10711
Si2V1,0.0,Other,P 64 2 2,622,FM,EXCLUDED,mp-11190
Si2W1,0.0,Other,I 4/m m m,4/mmm,NM,EXCLUDED,mp-1620
Si2W3,2.84,Other,P 4/m b m,4/mmm,NM,EXCLUDED,mp-1079377
Si2Zr1,0.0,Other,C m c m,mmm,NM,EXCLUDED,mp-1515
Si2Zr3,0.0,Other,P 4/m b m,4/mmm,NM,EXCLUDED,mp-1207024
Si3Ti5,0.0,Other,P 63/m c m,6/mmm,NM,CANDIDATE,mp-2108
Si3U1,0.0,Heavy_fermion,P m -3 m,m-3m,NM,CANDIDATE,mp-2800
Si3V5,0.0,Other,I 4/m c m,4/mmm,NM,EXCLUDED,mp-568671
Si3W5,2.7,Other,I 4/m c m,4/mmm,NM,EXCLUDED,mp-31219
Si3Y1,4.63,Other,I 4/m m m,4/mmm,NM,EXCLUDED,mp-1189560
Sm1,0.0,Other,P 63/m m c,6/mmm,NM,CANDIDATE,mp-69
Sn0.19W1O3,0.0,Oxide,P 1 21/m 1,2/m,FM,EXCLUDED,mp-761454
Sn0.25Te0.75,1.7,Other,F m -3 m,m-3m,NM,CANDIDATE,mp-978885
Sn1,3.740729412,Other,F d -3 m,m-3m,NM,CANDIDATE,mp-117
Sn1O1,2.605,Oxide,P 4/n m m,4/mmm,NM,EXCLUDED,mp-2097
Sn1Ti3,0.0,Other,C m c m,mmm,NM,EXCLUDED,mp-1079460
Sn1Y2,0.0,Other,P 63/m c m,6/mmm,NM,CANDIDATE,mp-567412
Sn1Zr4,0.92,Other,P m -3 n,m-3m,NM,CANDIDATE,mp-30876
Sn2O3,0.0,Oxide,P 42/m n m,4/mmm,NM,EXCLUDED,mp-856
Sn3U1,0.0,Heavy_fermion,P m -3 m,m-3m,FM,CANDIDATE,mp-20336
Sn3Yb1,3.6,Heavy_fermion,P m -3 m,m-3m,NM,CANDIDATE,mp-2751
Sn3Zr5,1.9,Other,P 63/m c m,6/mmm,NM,CANDIDATE,mp-510522
Sr1,3.5375,Other,I 4/m c m,4/mmm,NM,EXCLUDED,mp-567826
Sr1Ti1O3,0.5040416665,Oxide,I 4/m c m,4/mmm,NM,EXCLUDED,mp-4651
Sr4V3O9.44,0.0,Oxide,P m -3 m,m-3m,FM,CANDIDATE,mp-18717
Sr4V3O9.8,0.0,Oxide,I 4,4,FM,EXCLUDED,mp-759591
Ta0.2Zr0.8,5.56,Other,P 63/m m c,6/mmm,NM,CANDIDATE,mp-1188053
Ta0.462Ti0.538,9.05,Other,C m m m,mmm,NM,EXCLUDED,mp-1217887
Ta0.5V0.5,2.54,Other,C m m m,mmm,FM,EXCLUDED,mp-1217812
Ta0.75V0.25,2.65,Other,F d -3 m,m-3m,NM,CANDIDATE,mp-1208384
Ta1,4.3769,Other,P -4 21 m,-42m,NM,EXCLUDED,mp-42
Ta1Te2,0.0,Other,C 1 2/m 1,2/m,NM,EXCLUDED,mp-1967
Ta1V2,2.133333333,Other,F d -3 m,m-3m,NM,CANDIDATE,mp-567276
Ta25Ti75,6.0,Other,P m -3 m,m-3m,NM,CANDIDATE,mp-1187250
Tb1,0.0,Other,R -3 m,-3m,NM,CANDIDATE,mp-11698
Tc0.5Ti0.5,0.0,Other,P m -3 m,m-3m,NM,CANDIDATE,mp-11573
Tc0.5W0.5,7.52,Other,C m m m,mmm,NM,EXCLUDED,mp-1217337
Tc1,7.794166667,Other,P 63/m m c,6/mmm,NM,CANDIDATE,mp-113
Tc2Y1,8.8,Other,P 63/m m c,6/mmm,NM,CANDIDATE,mp-1102030
Tc2Zr1,7.6,Other,P 63/m m c,6/mmm,NM,CANDIDATE,mp-1095545
Te1,3.94125,Other,P 32 2 1,32,NM,EXCLUDED,mp-567313
Te1,3.94125,Other,P 31 2 1,32,NM,EXCLUDED,mp-19
Te1Th1,0.0,Other,P m -3 m,m-3m,NM,CANDIDATE,mp-1921
Te1Ti1,0.0,Other,P 63/m m c,6/mmm,NM,CANDIDATE,mp-567832
Te1Y1,1.535,Other,P -6 m 2,-62m,FM,CANDIDATE,mp-865430
Te2Ti1,0.0,Other,P -3 m 1,-3m,NM,CANDIDATE,mp-1907
Te2W1,0.0,Other,P m n 21,mm2,NM,EXCLUDED,mp-22693
Te3Tl5,2.144,Other,I 4/m c m,4/mmm,NM,EXCLUDED,mp-174
Te3V2,0.0,Chevrel,P -3 m 1,-3m,FM,CANDIDATE,mp-1008626
Te3Zr1,2.308333333,Other,P 1 21/m 1,2/m,NM,EXCLUDED,mp-2089
Te4Ti3,0.0,Chevrel,C 1 2/m 1,2/m,NM,EXCLUDED,mp-15669
Te4Ti5,0.0,Other,I 4/m,4/m,NM,EXCLUDED,mp-7498
Th0.25Y0.75,0.0,Other,P 63/m m c,6/mmm,NM,CANDIDATE,mp-981549
Th0.25Zr0.75,6.29,Other,P -6 m 2,-62m,NM,CANDIDATE,mp-1217289
Th0.2Zr0.8,3.3,Other,P 63/m m c,6/mmm,NM,CANDIDATE,mp-1187462
Th0.5Y0.5,1.25,Other,R -3 m,-3m,NM,CANDIDATE,mp-1215899
Th1Tl3,0.87,Other,P m -3 m,m-3m,NM,CANDIDATE,mp-2061
Th2Zn1,0.67,Other,I 4/m c m,4/mmm,NM,EXCLUDED,mp-2387
Th70.2Tm29.8,0.67,Other,P m -3 m,m-3m,NM,CANDIDATE,mp-980014
Ti0.496Zr0.504,1.8,Other,P -6 m 2,-62m,NM,CANDIDATE,mp-1215200
Ti0.516V0.484,7.2,Other,C m m m,mmm,NM,EXCLUDED,mp-1216646
Ti0.65Zr0.35,1.37,Other,P 6/m m m,6/mmm,NM,CANDIDATE,mp-1008568
Ti0.8V0.2,4.125,Other,F m m m,mmm,NM,EXCLUDED,mp-1217117
Ti0.8Zr0.2,0.0,Other,P 63/m m c,6/mmm,NM,CANDIDATE,mp-1183046
Ti1,0.162,Other,P 6/m m m,6/mmm,NM,CANDIDATE,mp-72
Ti1O0.86,0.47,Oxide,P -6 2 m,-62m,NM,CANDIDATE,mp-1071163
Ti1O0.92,0.72,Oxide,P -6 m 2,-62m,NM,CANDIDATE,mp-755264
Ti1U2,0.0,Heavy_fermion,P 6/m m m,6/mmm,NM,CANDIDATE,mp-1709
Ti1Zn2,0.0,Other,P 63/m m c,6/mmm,FM,CANDIDATE,mp-30882
Ti2O3,0.0,Oxide,R -3 c,-3m,NM,CANDIDATE,mp-458
Ti4Tl1,0.0,Other,I 4/m m m,4/mmm,NM,EXCLUDED,mp-865900
Tl0.03W1O3,2.07,Oxide,P 6/m m m,6/mmm,FM,CANDIDATE,mp-33436
Tl0.3W1O3,2.0,Oxide,P 6 m m,6mm,FM,CANDIDATE,mp-766046
Tl1,1.989218182,Other,R -3 m,-3m,NM,CANDIDATE,mp-972351
Tl1Zr4,0.0,Other,P m -3 m,m-3m,NM,CANDIDATE,mp-977585
Tl2O3,0.0,Oxide,I a -3,m-3,NM,CANDIDATE,mp-1658
Tl3Y1,1.52,Other,P m -3 m,m-3m,NM,CANDIDATE,mp-2393
Tm1,0.0,Other,R -3 m,-3m,NM,CANDIDATE,mp-1018122
U1,0.581666667,Heavy_fermion,C m c m,mmm,NM,EXCLUDED,mp-44
U1O2,0.0,OxideHeavy_fermion,F m -3 m,m-3m,FM,CANDIDATE,mp-1597
V0.26Zr0.74,5.9,Other,P 63/m m c,6/mmm,FM,CANDIDATE,mp-1188058
V2O3,0.0,Oxide,I a -3,m-3,FM,CANDIDATE,mp-21579
V3Zr3O1,7.5,Oxide,F d -3 m,m-3m,FiM,CANDIDATE,mp-504834
W1,0.0157,Other,P m -3 n,m-3m,NM,CANDIDATE,mp-11334
W1O2,0.0,Oxide,I 4/m,4/m,FM,EXCLUDED,mvc-2118
W1O3,0.0,Oxide,P 4/n m m,4/mmm,NM,EXCLUDED,mp-19443
W2Zr1,1.08,Other,F d -3 m,m-3m,NM,CANDIDATE,mp-675
W3O1,1.675,Oxide,P m -3 n,m-3m,NM,CANDIDATE,mp-21369
Y1Zn1,0.0,Other,P m -3 m,m-3m,NM,CANDIDATE,mp-2516
Yb1,0.0,Heavy_fermion,R -3 m,-3m,NM,CANDIDATE,mp-972364
Zn1,0.8508,Other,P 63/m m c,6/mmm,NM,CANDIDATE,mp-79
Zn2Zr1,0.296666667,Other,F d -3 m,m-3m,FM,CANDIDATE,mp-1401
Zr1,0.996666667,Other,P 63/m m c,6/mmm,NM,CANDIDATE,mp-131
